Num,DCH1,DCH2,DCH3,DCH4,DCH5,DCH6,DCH7,DCH8,DCH9,DCH10,DCH11,DCH12,DCH13,DCH14,DCH15,DCH16,DCH17,DCH18,DCH19,DCH20,DCH21,DCH22,DCH23,DCH24,DCH25,DCH26,DCH27,DCH28,DCH29,DCH30,DCH31,DCH32
1,1,1,0,0,1,1,1,0,0,0,1,1,1,1,1,1,1,0,1,1,0,0,1,0,0,0,0,0,0,0,0,1
2,1,1,0,0,1,1,1,0,0,0,1,1,1,1,1,1,1,0,1,1,0,0,1,0,0,0,0,0,0,0,0,1
3,1,1,0,0,1,1,1,0,0,0,1,1,1,1,1,1,1,0,1,1,0,0,1,0,0,0,0,0,0,0,0,1
4,1,1,0,0,1,1,1,0,0,0,1,1,1,1,1,1,1,0,1,1,0,0,1,0,0,0,0,0,0,0,0,1
5,1,1,0,0,1,1,1,0,0,0,1,1,1,1,1,1,1,0,1,1,0,0,1,0,0,0,0,0,0,0,0,1
6,1,1,0,0,1,1,1,0,0,0,1,1,1,1,1,1,1,0,1,1,0,0,1,0,0,0,0,0,0,0,0,1
7,1,1,0,0,1,1,1,0,0,0,1,1,1,1,1,1,1,0,1,1,0,0,1,0,0,0,0,0,0,0,0,1
8,1,1,0,0,1,1,1,0,0,0,1,1,1,1,1,1,1,0,1,1,0,0,1,0,0,0,0,0,0,0,0,1
9,1,1,0,0,1,1,1,0,0,0,1,1,1,1,1,1,1,0,1,1,0,0,1,0,0,0,0,0,0,0,0,1
10,1,1,0,0,1,1,1,0,0,0,1,1,1,1,1,1,1,0,1,1,0,0,1,0,0,0,0,0,0,0,0,1
11,1,1,0,0,1,1,1,0,0,0,1,1,1,1,1,1,1,0,1,1,0,0,1,0,0,0,0,0,0,0,0,1
12,1,1,0,0,1,1,1,0,0,0,1,1,1,1,1,1,1,0,1,1,0,0,1,0,0,0,0,0,0,0,0,1
13,1,1,0,0,1,1,1,0,0,0,1,1,1,1,1,1,1,0,1,1,0,0,1,0,0,0,0,0,0,0,0,1
14,1,1,0,0,1,1,1,0,0,0,1,1,1,1,1,1,1,0,1,1,0,0,1,0,0,0,0,0,0,0,0,1
15,1,1,0,0,1,1,1,0,0,0,1,1,1,1,1,1,1,0,1,1,0,0,1,0,0,0,0,0,0,0,0,1
16,1,1,0,0,1,1,1,0,0,0,1,1,1,1,1,1,1,0,1,1,0,0,1,0,0,0,0,0,0,0,0,1
17,1,1,0,0,1,1,1,0,0,0,1,1,1,1,1,1,1,0,1,1,0,0,1,0,0,0,0,0,0,0,0,1
18,1,1,0,0,1,1,1,0,0,0,1,1,1,1,1,1,1,0,1,1,0,0,1,0,0,0,0,0,0,0,0,1
19,1,1,0,0,1,1,1,0,0,0,1,1,1,1,1,1,1,0,1,1,0,0,1,0,0,0,0,0,0,0,0,1
20,1,1,0,0,1,1,1,0,0,0,1,1,1,1,1,1,1,0,1,1,0,0,1,0,0,0,0,0,0,0,0,1
21,1,1,0,0,1,1,1,0,0,0,1,1,1,1,1,1,1,0,1,1,0,0,1,0,0,0,0,0,0,0,0,1
22,1,1,0,0,1,1,1,0,0,0,1,1,1,1,1,1,1,0,1,1,0,0,1,0,0,0,0,0,0,0,0,1
23,1,1,0,0,1,1,1,0,0,0,1,1,1,1,1,1,1,0,1,1,0,0,1,0,0,0,0,0,0,0,0,1
24,1,1,0,0,1,1,1,0,0,0,1,1,1,1,1,1,1,0,1,1,0,0,1,0,0,0,0,0,0,0,0,1
25,1,1,0,0,1,1,1,0,0,0,1,1,1,1,1,1,1,0,1,1,0,0,1,0,0,0,0,0,0,0,0,1
26,1,1,0,0,1,1,1,0,0,0,1,1,1,1,1,1,1,0,1,1,0,0,1,0,0,0,0,0,0,0,0,1
27,1,1,0,0,1,1,1,0,0,0,1,1,1,1,1,1,1,0,1,1,0,0,1,0,0,0,0,0,0,0,0,1
28,1,1,0,0,1,1,1,0,0,0,1,1,1,1,1,1,1,0,1,1,0,0,1,0,0,0,0,0,0,0,0,1
29,1,1,0,0,1,1,1,0,0,0,1,1,1,1,1,1,1,0,1,1,0,0,1,0,0,0,0,0,0,0,0,1
30,1,1,0,0,1,1,1,0,0,0,1,1,1,1,1,1,1,0,1,1,0,0,1,0,0,0,0,0,0,0,0,1
31,1,1,0,0,1,1,1,0,0,0,1,1,1,1,1,1,1,0,1,1,0,0,1,0,0,0,0,0,0,0,0,1
32,1,1,0,0,1,1,1,0,0,0,1,1,1,1,1,1,1,0,1,1,0,0,1,0,0,0,0,0,0,0,0,1
33,1,1,0,0,1,1,1,0,0,0,1,1,1,1,1,1,1,0,1,1,0,0,1,0,0,0,0,0,0,0,0,1
34,1,1,0,0,1,1,1,0,0,0,1,1,1,1,1,1,1,0,1,1,0,0,1,0,0,0,0,0,0,0,0,1
35,1,1,0,0,1,1,1,0,0,0,1,1,1,1,1,1,1,0,1,1,0,0,1,0,0,0,0,0,0,0,0,1
36,1,1,0,0,1,1,1,0,0,0,1,1,1,1,1,1,1,0,1,1,0,0,1,0,0,0,0,0,0,0,0,1
37,1,1,0,0,1,1,1,0,0,0,1,1,1,1,1,1,1,0,1,1,0,0,1,0,0,0,0,0,0,0,0,1
38,1,1,0,0,1,1,1,0,0,0,1,1,1,1,1,1,1,0,1,1,0,0,1,0,0,0,0,0,0,0,0,1
39,1,1,0,0,1,1,1,0,0,0,1,1,1,1,1,1,1,0,1,1,0,0,1,0,0,0,0,0,0,0,0,1
40,1,1,0,0,1,1,1,0,0,0,1,1,1,1,1,1,1,0,1,1,0,0,1,0,0,0,0,0,0,0,0,1
41,1,1,0,0,1,1,1,0,0,0,1,1,1,1,1,1,1,0,1,1,0,0,1,0,0,0,0,0,0,0,0,1
42,1,1,0,0,1,1,1,0,0,0,1,1,1,1,1,1,1,0,1,1,0,0,1,0,0,0,0,0,0,0,0,1
43,1,1,0,0,1,1,1,0,0,0,1,1,1,1,1,1,1,0,1,1,0,0,1,0,0,0,0,0,0,0,0,1
44,1,1,0,0,1,1,1,0,0,0,1,1,1,1,1,1,1,0,1,1,0,0,1,0,0,0,0,0,0,0,0,1
45,1,1,0,0,1,1,1,0,0,0,1,1,1,1,1,1,1,0,1,1,0,0,1,0,0,0,0,0,0,0,0,1
46,1,1,0,0,1,1,1,0,0,0,1,1,1,1,1,1,1,0,1,1,0,0,1,0,0,0,0,0,0,0,0,1
47,1,1,0,0,1,1,1,0,0,0,1,1,1,1,1,1,1,0,1,1,0,0,1,0,0,0,0,0,0,0,0,1
48,1,1,0,0,1,1,1,0,0,0,1,1,1,1,1,1,1,0,1,1,0,0,1,0,0,0,0,0,0,0,0,1
49,1,1,0,0,1,1,1,0,0,0,1,1,1,1,1,1,1,0,1,1,0,0,1,0,0,0,0,0,0,0,0,1
50,1,1,0,0,1,1,1,0,0,0,1,1,1,1,1,1,1,0,1,1,0,0,1,0,0,0,0,0,0,0,0,1
51,1,1,0,0,1,1,1,0,0,0,1,1,1,1,1,1,1,0,1,1,0,0,1,0,0,0,0,0,0,0,0,1
52,1,1,0,0,1,1,1,0,0,0,1,1,1,1,1,1,1,0,1,1,0,0,1,0,0,0,0,0,0,0,0,1
53,1,1,0,0,1,1,1,0,0,0,1,1,1,1,1,1,1,0,1,1,0,0,1,0,0,0,0,0,0,0,0,1
54,1,1,0,0,1,1,1,0,0,0,1,1,1,1,1,1,1,0,1,1,0,0,1,0,0,0,0,0,0,0,0,1
55,1,1,0,0,1,1,1,0,0,0,1,1,1,1,1,1,1,0,1,1,0,0,1,0,0,0,0,0,0,0,0,1
56,1,1,0,0,1,1,1,0,0,0,1,1,1,1,1,1,1,0,1,1,0,0,1,0,0,0,0,0,0,0,0,1
57,1,1,0,0,1,1,1,0,0,0,1,1,1,1,1,1,1,0,1,1,0,0,1,0,0,0,0,0,0,0,0,1
58,1,1,0,0,1,1,1,0,0,0,1,1,1,1,1,1,1,0,1,1,0,0,1,0,0,0,0,0,0,0,0,1
59,1,1,0,0,1,1,1,0,0,0,1,1,1,1,1,1,1,0,1,1,0,0,1,0,0,0,0,0,0,0,0,1
60,1,1,0,0,1,1,1,0,0,0,1,1,1,1,1,1,1,0,1,1,0,0,1,0,0,0,0,0,0,0,0,1
61,1,1,0,0,1,1,1,0,0,0,1,1,1,1,1,1,1,0,1,1,0,0,1,0,0,0,0,0,0,0,0,1
62,1,1,0,0,1,1,1,0,0,0,1,1,1,1,1,1,1,0,1,1,0,0,1,0,0,0,0,0,0,0,0,1
63,1,1,0,0,1,1,1,0,0,0,1,1,1,1,1,1,1,0,1,1,0,0,1,0,0,0,0,0,0,0,0,1
64,1,1,0,0,1,1,1,0,0,0,1,1,1,1,1,1,1,0,1,1,0,0,1,0,0,0,0,0,0,0,0,1
65,1,1,0,0,1,1,1,0,0,0,1,1,1,1,1,1,1,0,1,1,0,0,1,0,0,0,0,0,0,0,0,1
66,1,1,0,0,1,1,1,0,0,0,1,1,1,1,1,1,1,0,1,1,0,0,1,0,0,0,0,0,0,0,0,1
67,1,1,0,0,1,1,1,0,0,0,1,1,1,1,1,1,1,0,1,1,0,0,1,0,0,0,0,0,0,0,0,1
68,1,1,0,0,1,1,1,0,0,0,1,1,1,1,1,1,1,0,1,1,0,0,1,0,0,0,0,0,0,0,0,1
69,1,1,0,0,1,1,1,0,0,0,1,1,1,1,1,1,1,0,1,1,0,0,1,0,0,0,0,0,0,0,0,1
70,1,1,0,0,1,1,1,0,0,0,1,1,1,1,1,1,1,0,1,1,0,0,1,0,0,0,0,0,0,0,0,1
71,1,1,0,0,1,1,1,0,0,0,1,1,1,1,1,1,1,0,1,1,0,0,1,0,0,0,0,0,0,0,0,1
72,1,1,0,0,1,1,1,0,0,0,1,1,1,1,1,1,1,0,1,1,0,0,1,0,0,0,0,0,0,0,0,1
73,1,1,0,0,1,1,1,0,0,0,1,1,1,1,1,1,1,0,1,1,0,0,1,0,0,0,0,0,0,0,0,1
74,1,1,0,0,1,1,1,0,0,0,1,1,1,1,1,1,1,0,1,1,0,0,1,0,0,0,0,0,0,0,0,1
75,1,1,0,0,1,1,1,0,0,0,1,1,1,1,1,1,1,0,1,1,0,0,1,0,0,0,0,0,0,0,0,1
76,1,1,0,0,1,1,1,0,0,0,1,1,1,1,1,1,1,0,1,1,0,0,1,0,0,0,0,0,0,0,0,1
77,1,1,0,0,1,1,1,0,0,0,1,1,1,1,1,1,1,0,1,1,0,0,1,0,0,0,0,0,0,0,0,1
78,1,1,0,0,1,1,1,0,0,0,1,1,1,1,1,1,1,0,1,1,0,0,1,0,0,0,0,0,0,0,0,1
79,1,1,0,0,1,1,1,0,0,0,1,1,1,1,1,1,1,0,1,1,0,0,1,0,0,0,0,0,0,0,0,1
80,1,1,0,0,1,1,1,0,0,0,1,1,1,1,1,1,1,0,1,1,0,0,1,0,0,0,0,0,0,0,0,1
81,1,1,0,0,1,1,1,0,0,0,1,1,1,1,1,1,1,0,1,1,0,0,1,0,0,0,0,0,0,0,0,1
82,1,1,0,0,1,1,1,0,0,0,1,1,1,1,1,1,1,0,1,1,0,0,1,0,0,0,0,0,0,0,0,1
83,1,1,0,0,1,1,1,0,0,0,1,1,1,1,1,1,1,0,1,1,0,0,1,0,0,0,0,0,0,0,0,1
84,1,1,0,0,1,1,1,0,0,0,1,1,1,1,1,1,1,0,1,1,0,0,1,0,0,0,0,0,0,0,0,1
85,1,1,0,0,1,1,1,0,0,0,1,1,1,1,1,1,1,0,1,1,0,0,1,0,0,0,0,0,0,0,0,1
86,1,1,0,0,1,1,1,0,0,0,1,1,1,1,1,1,1,0,1,1,0,0,1,0,0,0,0,0,0,0,0,1
87,1,1,0,0,1,1,1,0,0,0,1,1,1,1,1,1,1,0,1,1,0,0,1,0,0,0,0,0,0,0,0,1
88,1,1,0,0,1,1,1,0,0,0,1,1,1,1,1,1,1,0,1,1,0,0,1,0,0,0,0,0,0,0,0,1
89,1,1,0,0,1,1,1,0,0,0,1,1,1,1,1,1,1,0,1,1,0,0,1,0,0,0,0,0,0,0,0,1
90,1,1,0,0,1,1,1,0,0,0,1,1,1,1,1,1,1,0,1,1,0,0,1,0,0,0,0,0,0,0,0,1
91,1,1,0,0,1,1,1,0,0,0,1,1,1,1,1,1,1,0,1,1,0,0,1,0,0,0,0,0,0,0,0,1
92,1,1,0,0,1,1,1,0,0,0,1,1,1,1,1,1,1,0,1,1,0,0,1,0,0,0,0,0,0,0,0,1
93,1,1,0,0,1,1,1,0,0,0,1,1,1,1,1,1,1,0,1,1,0,0,1,0,0,0,0,0,0,0,0,1
94,1,1,0,0,1,1,1,0,0,0,1,1,1,1,1,1,1,0,1,1,0,0,1,0,0,0,0,0,0,0,0,1
95,1,1,0,0,1,1,1,0,0,0,1,1,1,1,1,1,1,0,1,1,0,0,1,0,0,0,0,0,0,0,0,1
96,1,1,0,0,1,1,1,0,0,0,1,1,1,1,1,1,1,0,1,1,0,0,1,0,0,0,0,0,0,0,0,1
97,1,1,0,0,1,1,1,0,0,0,1,1,1,1,1,1,1,0,1,1,0,0,1,0,0,0,0,0,0,0,0,1
98,1,1,0,0,1,1,1,0,0,0,1,1,1,1,1,1,1,0,1,1,0,0,1,0,0,0,0,0,0,0,0,1
99,1,1,0,0,1,1,1,0,0,0,1,1,1,1,1,1,1,0,1,1,0,0,1,0,0,0,0,0,0,0,0,1
100,1,1,0,0,1,1,1,0,0,0,1,1,1,1,1,1,1,0,1,1,0,0,1,0,0,0,0,0,0,0,0,1
101,1,1,0,0,1,1,1,0,0,0,1,1,1,1,1,1,1,0,1,1,0,0,1,0,0,0,0,0,0,0,0,1
102,1,1,0,0,1,1,1,0,0,0,1,1,1,1,1,1,1,0,1,1,0,0,1,0,0,0,0,0,0,0,0,1
103,1,1,0,0,1,1,1,0,0,0,1,1,1,1,1,1,1,0,1,1,0,0,1,0,0,0,0,0,0,0,0,1
104,1,1,0,0,1,1,1,0,0,0,1,1,1,1,1,1,1,0,1,1,0,0,1,0,0,0,0,0,0,0,0,1
105,1,1,0,0,1,1,1,0,0,0,1,1,1,1,1,1,1,0,1,1,0,0,1,0,0,0,0,0,0,0,0,1
106,1,1,0,0,1,1,1,0,0,0,1,1,1,1,1,1,1,0,1,1,0,0,1,0,0,0,0,0,0,0,0,1
107,1,1,0,0,1,1,1,0,0,0,1,1,1,1,1,1,1,0,1,1,0,0,1,0,0,0,0,0,0,0,0,1
108,1,1,0,0,1,1,1,0,0,0,1,1,1,1,1,1,1,0,1,1,0,0,1,0,0,0,0,0,0,0,0,1
109,1,1,0,0,1,1,1,0,0,0,1,1,1,1,1,1,1,0,1,1,0,0,1,0,0,0,0,0,0,0,0,1
110,1,1,0,0,1,1,1,0,0,0,1,1,1,1,1,1,1,0,1,1,0,0,1,0,0,0,0,0,0,0,0,1
111,1,1,0,0,1,1,1,0,0,0,1,1,1,1,1,1,1,0,1,1,0,0,1,0,0,0,0,0,0,0,0,1
112,1,1,0,0,1,1,1,0,0,0,1,1,1,1,1,1,1,0,1,1,0,0,1,0,0,0,0,0,0,0,0,1
113,1,1,0,0,1,1,1,0,0,0,1,1,1,1,1,1,1,0,1,1,0,0,1,0,0,0,0,0,0,0,0,1
114,1,1,0,0,1,1,1,0,0,0,1,1,1,1,1,1,1,0,1,1,0,0,1,0,0,0,0,0,0,0,0,1
115,1,1,0,0,1,1,1,0,0,0,1,1,1,1,1,1,1,0,1,1,0,0,1,0,0,0,0,0,0,0,0,1
116,1,1,0,0,1,1,1,0,0,0,1,1,1,1,1,1,1,0,1,1,0,0,1,0,0,0,0,0,0,0,0,1
117,1,1,0,0,1,1,1,0,0,0,1,1,1,1,1,1,1,0,1,1,0,0,1,0,0,0,0,0,0,0,0,1
118,1,1,0,0,1,1,1,0,0,0,1,1,1,1,1,1,1,0,1,1,0,0,1,0,0,0,0,0,0,0,0,1
119,1,1,0,0,1,1,1,0,0,0,1,1,1,1,1,1,1,0,1,1,0,0,1,0,0,0,0,0,0,0,0,1
120,1,1,0,0,1,1,1,0,0,0,1,1,1,1,1,1,1,0,1,1,0,0,1,0,0,0,0,0,0,0,0,1
121,1,1,0,0,1,1,1,0,0,0,1,1,1,1,1,1,1,0,1,1,0,0,1,0,0,0,0,0,0,0,0,1
122,1,1,0,0,1,1,1,0,0,0,1,1,1,1,1,1,1,0,1,1,0,0,1,0,0,0,0,0,0,0,0,1
123,1,1,0,0,1,1,1,0,0,0,1,1,1,1,1,1,1,0,1,1,0,0,1,0,0,0,0,0,0,0,0,1
124,1,1,0,0,1,1,1,0,0,0,1,1,1,1,1,1,1,0,1,1,0,0,1,0,0,0,0,0,0,0,0,1
125,1,1,0,0,1,1,1,0,0,0,1,1,1,1,1,1,1,0,1,1,0,0,1,0,0,0,0,0,0,0,0,1
126,1,1,0,0,1,1,1,0,0,0,1,1,1,1,1,1,1,0,1,1,0,0,1,0,0,0,0,0,0,0,0,1
127,1,1,0,0,1,1,1,0,0,0,1,1,1,1,1,1,1,0,1,1,0,0,1,0,0,0,0,0,0,0,0,1
128,1,1,0,0,1,1,1,0,0,0,1,1,1,1,1,1,1,0,1,1,0,0,1,0,0,0,0,0,0,0,0,1
129,1,1,0,0,1,1,1,0,0,0,1,1,1,1,1,1,1,0,1,1,0,0,1,0,0,0,0,0,0,0,0,1
130,1,1,0,0,1,1,1,0,0,0,1,1,1,1,1,1,1,0,1,1,0,0,1,0,0,0,0,0,0,0,0,1
131,1,1,0,0,1,1,1,0,0,0,1,1,1,1,1,1,1,0,1,1,0,0,1,0,0,0,0,0,0,0,0,1
132,1,1,0,0,1,1,1,0,0,0,1,1,1,1,1,1,1,0,1,1,0,0,1,0,0,0,0,0,0,0,0,1
133,1,1,0,0,1,1,1,0,0,0,1,1,1,1,1,1,1,0,1,1,0,0,1,0,0,0,0,0,0,0,0,1
134,1,1,0,0,1,1,1,0,0,0,1,1,1,1,1,1,1,0,1,1,0,0,1,0,0,0,0,0,0,0,0,1
135,1,1,0,0,1,1,1,0,0,0,1,1,1,1,1,1,1,0,1,1,0,0,1,0,0,0,0,0,0,0,0,1
136,1,1,0,0,1,1,1,0,0,0,1,1,1,1,1,1,1,0,1,1,0,0,1,0,0,0,0,0,0,0,0,1
137,1,1,0,0,1,1,1,0,0,0,1,1,1,1,1,1,1,0,1,1,0,0,1,0,0,0,0,0,0,0,0,1
138,1,1,0,0,1,1,1,0,0,0,1,1,1,1,1,1,1,0,1,1,0,0,1,0,0,0,0,0,0,0,0,1
139,1,1,0,0,1,1,1,0,0,0,1,1,1,1,1,1,1,0,1,1,0,0,1,0,0,0,0,0,0,0,0,1
140,1,1,0,0,1,1,1,0,0,0,1,1,1,1,1,1,1,0,1,1,0,0,1,0,0,0,0,0,0,0,0,1
141,1,1,0,0,1,1,1,0,0,0,1,1,1,1,1,1,1,0,1,1,0,0,1,0,0,0,0,0,0,0,0,1
142,1,1,0,0,1,1,1,0,0,0,1,1,1,1,1,1,1,0,1,1,0,0,1,0,0,0,0,0,0,0,0,1
143,1,1,0,0,1,1,1,0,0,0,1,1,1,1,1,1,1,0,1,1,0,0,1,0,0,0,0,0,0,0,0,1
144,1,1,0,0,1,1,1,0,0,0,1,1,1,1,1,1,1,0,1,1,0,0,1,0,0,0,0,0,0,0,0,1
145,1,1,0,0,1,1,1,0,0,0,1,1,1,1,1,1,1,0,1,1,0,0,1,0,0,0,0,0,0,0,0,1
146,1,1,0,0,1,1,1,0,0,0,1,1,1,1,1,1,1,0,1,1,0,0,1,0,0,0,0,0,0,0,0,1
147,1,1,0,0,1,1,1,0,0,0,1,1,1,1,1,1,1,0,1,1,0,0,1,0,0,0,0,0,0,0,0,1
148,1,1,0,0,1,1,1,0,0,0,1,1,1,1,1,1,1,0,1,1,0,0,1,0,0,0,0,0,0,0,0,1
149,1,1,0,0,1,1,1,0,0,0,1,1,1,1,1,1,1,0,1,1,0,0,1,0,0,0,0,0,0,0,0,1
150,1,1,0,0,1,1,1,0,0,0,1,1,1,1,1,1,1,0,1,1,0,0,1,0,0,0,0,0,0,0,0,1
151,1,1,0,0,1,1,1,0,0,0,1,1,1,1,1,1,1,0,1,1,0,0,1,0,0,0,0,0,0,0,0,1
152,1,1,0,0,1,1,1,0,0,0,1,1,1,1,1,1,1,0,1,1,0,0,1,0,0,0,0,0,0,0,0,1
153,1,1,0,0,1,1,1,0,0,0,1,1,1,1,1,1,1,0,1,1,0,0,1,0,0,0,0,0,0,0,0,1
154,1,1,0,0,1,1,1,0,0,0,1,1,1,1,1,1,1,0,1,1,0,0,1,0,0,0,0,0,0,0,0,1
155,1,1,0,0,1,1,1,0,0,0,1,1,1,1,1,1,1,0,1,1,0,0,1,0,0,0,0,0,0,0,0,1
156,1,1,0,0,1,1,1,0,0,0,1,1,1,1,1,1,1,0,1,1,0,0,1,0,0,0,0,0,0,0,0,1
157,1,1,0,0,1,1,1,0,0,0,1,1,1,1,1,1,1,0,1,1,0,0,1,0,0,0,0,0,0,0,0,1
158,1,1,0,0,1,1,1,0,0,0,1,1,1,1,1,1,1,0,1,1,0,0,1,0,0,0,0,0,0,0,0,1
159,1,1,0,0,1,1,1,0,0,0,1,1,1,1,1,1,1,0,1,1,0,0,1,0,0,0,0,0,0,0,0,1
160,1,1,0,0,1,1,1,0,0,0,1,1,1,1,1,1,1,0,1,1,0,0,1,0,0,0,0,0,0,0,0,1
161,1,1,0,0,1,1,1,0,0,0,1,1,1,1,1,1,1,0,1,1,0,0,1,0,0,0,0,0,0,0,0,1
162,1,1,0,0,1,1,1,0,0,0,1,1,1,1,1,1,1,0,1,1,0,0,1,0,0,0,0,0,0,0,0,1
163,1,1,0,0,1,1,1,0,0,0,1,1,1,1,1,1,1,0,1,1,0,0,1,0,0,0,0,0,0,0,0,1
164,1,1,0,0,1,1,1,0,0,0,1,1,1,1,1,1,1,0,1,1,0,0,1,0,0,0,0,0,0,0,0,1
165,1,1,0,0,1,1,1,0,0,0,1,1,1,1,1,1,1,0,1,1,0,0,1,0,0,0,0,0,0,0,0,1
166,1,1,0,0,1,1,1,0,0,0,1,1,1,1,1,1,1,0,1,1,0,0,1,0,0,0,0,0,0,0,0,1
167,1,1,0,0,1,1,1,0,0,0,1,1,1,1,1,1,1,0,1,1,0,0,1,0,0,0,0,0,0,0,0,1
168,1,1,0,0,1,1,1,0,0,0,1,1,1,1,1,1,1,0,1,1,0,0,1,0,0,0,0,0,0,0,0,1
169,1,1,0,0,1,1,1,0,0,0,1,1,1,1,1,1,1,0,1,1,0,0,1,0,0,0,0,0,0,0,0,1
170,1,1,0,0,1,1,1,0,0,0,1,1,1,1,1,1,1,0,1,1,0,0,1,0,0,0,0,0,0,0,0,1
171,1,1,0,0,1,1,1,0,0,0,1,1,1,1,1,1,1,0,1,1,0,0,1,0,0,0,0,0,0,0,0,1
172,1,1,0,0,1,1,1,0,0,0,1,1,1,1,1,1,1,0,1,1,0,0,1,0,0,0,0,0,0,0,0,1
173,1,1,0,0,1,1,1,0,0,0,1,1,1,1,1,1,1,0,1,1,0,0,1,0,0,0,0,0,0,0,0,1
174,1,1,0,0,1,1,1,0,0,0,1,1,1,1,1,1,1,0,1,1,0,0,1,0,0,0,0,0,0,0,0,1
175,1,1,0,0,1,1,1,0,0,0,1,1,1,1,1,1,1,0,1,1,0,0,1,0,0,0,0,0,0,0,0,1
176,1,1,0,0,1,1,1,0,0,0,1,1,1,1,1,1,1,0,1,1,0,0,1,0,0,0,0,0,0,0,0,1
177,1,1,0,0,1,1,1,0,0,0,1,1,1,1,1,1,1,0,1,1,0,0,1,0,0,0,0,0,0,0,0,1
178,1,1,0,0,1,1,1,0,0,0,1,1,1,1,1,1,1,0,1,1,0,0,1,0,0,0,0,0,0,0,0,1
179,1,1,0,0,1,1,1,0,0,0,1,1,1,1,1,1,1,0,1,1,0,0,1,0,0,0,0,0,0,0,0,1
180,1,1,0,0,1,1,1,0,0,0,1,1,1,1,1,1,1,0,1,1,0,0,1,0,0,0,0,0,0,0,0,1
181,1,1,0,0,1,1,1,0,0,0,1,1,1,1,1,1,1,0,1,1,0,0,1,0,0,0,0,0,0,0,0,1
182,1,1,0,0,1,1,1,0,0,0,1,1,1,1,1,1,1,0,1,1,0,0,1,0,0,0,0,0,0,0,0,1
183,1,1,0,0,1,1,1,0,0,0,1,1,1,1,1,1,1,0,1,1,0,0,1,0,0,0,0,0,0,0,0,1
184,1,1,0,0,1,1,1,0,0,0,1,1,1,1,1,1,1,0,1,1,0,0,1,0,0,0,0,0,0,0,0,1
185,1,1,0,0,1,1,1,0,0,0,1,1,1,1,1,1,1,0,1,1,0,0,1,0,0,0,0,0,0,0,0,1
186,1,1,0,0,1,1,1,0,0,0,1,1,1,1,1,1,1,0,1,1,0,0,1,0,0,0,0,0,0,0,0,1
187,1,1,0,0,1,1,1,0,0,0,1,1,1,1,1,1,1,0,1,1,0,0,1,0,0,0,0,0,0,0,0,1
188,1,1,0,0,1,1,1,0,0,0,1,1,1,1,1,1,1,0,1,1,0,0,1,0,0,0,0,0,0,0,0,1
189,1,1,0,0,1,1,1,0,0,0,1,1,1,1,1,1,1,0,1,1,0,0,1,0,0,0,0,0,0,0,0,1
190,1,1,0,0,1,1,1,0,0,0,1,1,1,1,1,1,1,0,1,1,0,0,1,0,0,0,0,0,0,0,0,1
191,1,1,0,0,1,1,1,0,0,0,1,1,1,1,1,1,1,0,1,1,0,0,1,0,0,0,0,0,0,0,0,1
192,1,1,0,0,1,1,1,0,0,0,1,1,1,1,1,1,1,0,1,1,0,0,1,0,0,0,0,0,0,0,0,1
193,1,1,0,0,1,1,1,0,0,0,1,1,1,1,1,1,1,0,1,1,0,0,1,0,0,0,0,0,0,0,0,1
194,1,1,0,0,1,1,1,0,0,0,1,1,1,1,1,1,1,0,1,1,0,0,1,0,0,0,0,0,0,0,0,1
195,1,1,0,0,1,1,1,0,0,0,1,1,1,1,1,1,1,0,1,1,0,0,1,0,0,0,0,0,0,0,0,1
196,1,1,0,0,1,1,1,0,0,0,1,1,1,1,1,1,1,0,1,1,0,0,1,0,0,0,0,0,0,0,0,1
197,1,1,0,0,1,1,1,0,0,0,1,1,1,1,1,1,1,0,1,1,0,0,1,0,0,0,0,0,0,0,0,1
198,1,1,0,0,1,1,1,0,0,0,1,1,1,1,1,1,1,0,1,1,0,0,1,0,0,0,0,0,0,0,0,1
199,1,1,0,0,1,1,1,0,0,0,1,1,1,1,1,1,1,0,1,1,0,0,1,0,0,0,0,0,0,0,0,1
200,1,1,0,0,1,1,1,0,0,0,1,1,1,1,1,1,1,0,1,1,0,0,1,0,0,0,0,0,0,0,0,1
201,1,1,0,0,1,1,1,0,0,0,1,1,1,1,1,1,1,0,1,1,0,0,1,0,0,0,0,0,0,0,0,1
202,1,1,0,0,1,1,1,0,0,0,1,1,1,1,1,1,1,0,1,1,0,0,1,0,0,0,0,0,0,0,0,1
203,1,1,0,0,1,1,1,0,0,0,1,1,1,1,1,1,1,0,1,1,0,0,1,0,0,0,0,0,0,0,0,1
204,1,1,0,0,1,1,1,0,0,0,1,1,1,1,1,1,1,0,1,1,0,0,1,0,0,0,0,0,0,0,0,1
205,1,1,0,0,1,1,1,0,0,0,1,1,1,1,1,1,1,0,1,1,0,0,1,0,0,0,0,0,0,0,0,1
206,1,1,0,0,1,1,1,0,0,0,1,1,1,1,1,1,1,0,1,1,0,0,1,0,0,0,0,0,0,0,0,1
207,1,1,0,0,1,1,1,0,0,0,1,1,1,1,1,1,1,0,1,1,0,0,1,0,0,0,0,0,0,0,0,1
208,1,1,0,0,1,1,1,0,0,0,1,1,1,1,1,1,1,0,1,1,0,0,1,0,0,0,0,0,0,0,0,1
209,1,1,0,0,1,1,1,0,0,0,1,1,1,1,1,1,1,0,1,1,0,0,1,0,0,0,0,0,0,0,0,1
210,1,1,0,0,1,1,1,0,0,0,1,1,1,1,1,1,1,0,1,1,0,0,1,0,0,0,0,0,0,0,0,1
211,1,1,0,0,1,1,1,0,0,0,1,1,1,1,1,1,1,0,1,1,0,0,1,0,0,0,0,0,0,0,0,1
212,1,1,0,0,1,1,1,0,0,0,1,1,1,1,1,1,1,0,1,1,0,0,1,0,0,0,0,0,0,0,0,1
213,1,1,0,0,1,1,1,0,0,0,1,1,1,1,1,1,1,0,1,1,0,0,1,0,0,0,0,0,0,0,0,1
214,1,1,0,0,1,1,1,0,0,0,1,1,1,1,1,1,1,0,1,1,0,0,1,0,0,0,0,0,0,0,0,1
215,1,1,0,0,1,1,1,0,0,0,1,1,1,1,1,1,1,0,1,1,0,0,1,0,0,0,0,0,0,0,0,1
216,1,1,0,0,1,1,1,0,0,0,1,1,1,1,1,1,1,0,1,1,0,0,1,0,0,0,0,0,0,0,0,1
217,1,1,0,0,1,1,1,0,0,0,1,1,1,1,1,1,1,0,1,1,0,0,1,0,0,0,0,0,0,0,0,1
218,1,1,0,0,1,1,1,0,0,0,1,1,1,1,1,1,1,0,1,1,0,0,1,0,0,0,0,0,0,0,0,1
219,1,1,0,0,1,1,1,0,0,0,1,1,1,1,1,1,1,0,1,1,0,0,1,0,0,0,0,0,0,0,0,1
220,1,1,0,0,1,1,1,0,0,0,1,1,1,1,1,1,1,0,1,1,0,0,1,0,0,0,0,0,0,0,0,1
221,1,1,0,0,1,1,1,0,0,0,1,1,1,1,1,1,1,0,1,1,0,0,1,0,0,0,0,0,0,0,0,1
222,1,1,0,0,1,1,1,0,0,0,1,1,1,1,1,1,1,0,1,1,0,0,1,0,0,0,0,0,0,0,0,1
223,1,1,0,0,1,1,1,0,0,0,1,1,1,1,1,1,1,0,1,1,0,0,1,0,0,0,0,0,0,0,0,1
224,1,1,0,0,1,1,1,0,0,0,1,1,1,1,1,1,1,0,1,1,0,0,1,0,0,0,0,0,0,0,0,1
225,1,1,0,0,1,1,1,0,0,0,1,1,1,1,1,1,1,0,1,1,0,0,1,0,0,0,0,0,0,0,0,1
226,1,1,0,0,1,1,1,0,0,0,1,1,1,1,1,1,1,0,1,1,0,0,1,0,0,0,0,0,0,0,0,1
227,1,1,0,0,1,1,1,0,0,0,1,1,1,1,1,1,1,0,1,1,0,0,1,0,0,0,0,0,0,0,0,1
228,1,1,0,0,1,1,1,0,0,0,1,1,1,1,1,1,1,0,1,1,0,0,1,0,0,0,0,0,0,0,0,1
229,1,1,0,0,1,1,1,0,0,0,1,1,1,1,1,1,1,0,1,1,0,0,1,0,0,0,0,0,0,0,0,1
230,1,1,0,0,1,1,1,0,0,0,1,1,1,1,1,1,1,0,1,1,0,0,1,0,0,0,0,0,0,0,0,1
231,1,1,0,0,1,1,1,0,0,0,1,1,1,1,1,1,1,0,1,1,0,0,1,0,0,0,0,0,0,0,0,1
232,1,1,0,0,1,1,1,0,0,0,1,1,1,1,1,1,1,0,1,1,0,0,1,0,0,0,0,0,0,0,0,1
233,1,1,0,0,1,1,1,0,0,0,1,1,1,1,1,1,1,0,1,1,0,0,1,0,0,0,0,0,0,0,0,1
234,1,1,0,0,1,1,1,0,0,0,1,1,1,1,1,1,1,0,1,1,0,0,1,0,0,0,0,0,0,0,0,1
235,1,1,0,0,1,1,1,0,0,0,1,1,1,1,1,1,1,0,1,1,0,0,1,0,0,0,0,0,0,0,0,1
236,1,1,0,0,1,1,1,0,0,0,1,1,1,1,1,1,1,0,1,1,0,0,1,0,0,0,0,0,0,0,0,1
237,1,1,0,0,1,1,1,0,0,0,1,1,1,1,1,1,1,0,1,1,0,0,1,0,0,0,0,0,0,0,0,1
238,1,1,0,0,1,1,1,0,0,0,1,1,1,1,1,1,1,0,1,1,0,0,1,0,0,0,0,0,0,0,0,1
239,1,1,0,0,1,1,1,0,0,0,1,1,1,1,1,1,1,0,1,1,0,0,1,0,0,0,0,0,0,0,0,1
240,1,1,0,0,1,1,1,0,0,0,1,1,1,1,1,1,1,0,1,1,0,0,1,0,0,0,0,0,0,0,0,1
241,1,1,0,0,1,1,1,0,0,0,1,1,1,1,1,1,1,0,1,1,0,0,1,0,0,0,0,0,0,0,0,1
242,1,1,0,0,1,1,1,0,0,0,1,1,1,1,1,1,1,0,1,1,0,0,1,0,0,0,0,0,0,0,0,1
243,1,1,0,0,1,1,1,0,0,0,1,1,1,1,1,1,1,0,1,1,0,0,1,0,0,0,0,0,0,0,0,1
244,1,1,0,0,1,1,1,0,0,0,1,1,1,1,1,1,1,0,1,1,0,0,1,0,0,0,0,0,0,0,0,1
245,1,1,0,0,1,1,1,0,0,0,1,1,1,1,1,1,1,0,1,1,0,0,1,0,0,0,0,0,0,0,0,1
246,1,1,0,0,1,1,1,0,0,0,1,1,1,1,1,1,1,0,1,1,0,0,1,0,0,0,0,0,0,0,0,1
247,1,1,0,0,1,1,1,0,0,0,1,1,1,1,1,1,1,0,1,1,0,0,1,0,0,0,0,0,0,0,0,1
248,1,1,0,0,1,1,1,0,0,0,1,1,1,1,1,1,1,0,1,1,0,0,1,0,0,0,0,0,0,0,0,1
249,1,1,0,0,1,1,1,0,0,0,1,1,1,1,1,1,1,0,1,1,0,0,1,0,0,0,0,0,0,0,0,1
250,1,1,0,0,1,1,1,0,0,0,1,1,1,1,1,1,1,0,1,1,0,0,1,0,0,0,0,0,0,0,0,1
251,1,1,0,0,1,1,1,0,0,0,1,1,1,1,1,1,1,0,1,1,0,0,1,0,0,0,0,0,0,0,0,1
252,1,1,0,0,1,1,1,0,0,0,1,1,1,1,1,1,1,0,1,1,0,0,1,0,0,0,0,0,0,0,0,1
253,1,1,0,0,1,1,1,0,0,0,1,1,1,1,1,1,1,0,1,1,0,0,1,0,0,0,0,0,0,0,0,1
254,1,1,0,0,1,1,1,0,0,0,1,1,1,1,1,1,1,0,1,1,0,0,1,0,0,0,0,0,0,0,0,1
255,1,1,0,0,1,1,1,0,0,0,1,1,1,1,1,1,1,0,1,1,0,0,1,0,0,0,0,0,0,0,0,1
256,1,1,0,0,1,1,1,0,0,0,1,1,1,1,1,1,1,0,1,1,0,0,1,0,0,0,0,0,0,0,0,1
257,1,1,0,0,1,1,1,0,0,0,1,1,1,1,1,1,1,0,1,1,0,0,1,0,0,0,0,0,0,0,0,1
258,1,1,0,0,1,1,1,0,0,0,1,1,1,1,1,1,1,0,1,1,0,0,1,0,0,0,0,0,0,0,0,1
259,1,1,0,0,1,1,1,0,0,0,1,1,1,1,1,1,1,0,1,1,0,0,1,0,0,0,0,0,0,0,0,1
260,1,1,0,0,1,1,1,0,0,0,1,1,1,1,1,1,1,0,1,1,0,0,1,0,0,0,0,0,0,0,0,1
261,1,1,0,0,1,1,1,0,0,0,1,1,1,1,1,1,1,0,1,1,0,0,1,0,0,0,0,0,0,0,0,1
262,1,1,0,0,1,1,1,0,0,0,1,1,1,1,1,1,1,0,1,1,0,0,1,0,0,0,0,0,0,0,0,1
263,1,1,0,0,1,1,1,0,0,0,1,1,1,1,1,1,1,0,1,1,0,0,1,0,0,0,0,0,0,0,0,1
264,1,1,0,0,1,1,1,0,0,0,1,1,1,1,1,1,1,0,1,1,0,0,1,0,0,0,0,0,0,0,0,1
265,1,1,0,0,1,1,1,0,0,0,1,1,1,1,1,1,1,0,1,1,0,0,1,0,0,0,0,0,0,0,0,1
266,1,1,0,0,1,1,1,0,0,0,1,1,1,1,1,1,1,0,1,1,0,0,1,0,0,0,0,0,0,0,0,1
267,1,1,0,0,1,1,1,0,0,0,1,1,1,1,1,1,1,0,1,1,0,0,1,0,0,0,0,0,0,0,0,1
268,1,1,0,0,1,1,1,0,0,0,1,1,1,1,1,1,1,0,1,1,0,0,1,0,0,0,0,0,0,0,0,1
269,1,1,0,0,1,1,1,0,0,0,1,1,1,1,1,1,1,0,1,1,0,0,1,0,0,0,0,0,0,0,0,1
270,1,1,0,0,1,1,1,0,0,0,1,1,1,1,1,1,1,0,1,1,0,0,1,0,0,0,0,0,0,0,0,1
271,1,1,0,0,1,1,1,0,0,0,1,1,1,1,1,1,1,0,1,1,0,0,1,0,0,0,0,0,0,0,0,1
272,1,1,0,0,1,1,1,0,0,0,1,1,1,1,1,1,1,0,1,1,0,0,1,0,0,0,0,0,0,0,0,1
273,1,1,0,0,1,1,1,0,0,0,1,1,1,1,1,1,1,0,1,1,0,0,1,0,0,0,0,0,0,0,0,1
274,1,1,0,0,1,1,1,0,0,0,1,1,1,1,1,1,1,0,1,1,0,0,1,0,0,0,0,0,0,0,0,1
275,1,1,0,0,1,1,1,0,0,0,1,1,1,1,1,1,1,0,1,1,0,0,1,0,0,0,0,0,0,0,0,1
276,1,1,0,0,1,1,1,0,0,0,1,1,1,1,1,1,1,0,1,1,0,0,1,0,0,0,0,0,0,0,0,1
277,1,1,0,0,1,1,1,0,0,0,1,1,1,1,1,1,1,0,1,1,0,0,1,0,0,0,0,0,0,0,0,1
278,1,1,0,0,1,1,1,0,0,0,1,1,1,1,1,1,1,0,1,1,0,0,1,0,0,0,0,0,0,0,0,1
279,1,1,0,0,1,1,1,0,0,0,1,1,1,1,1,1,1,0,1,1,0,0,1,0,0,0,0,0,0,0,0,1
280,1,1,0,0,1,1,1,0,0,0,1,1,1,1,1,1,1,0,1,1,0,0,1,0,0,0,0,0,0,0,0,1
281,1,1,0,0,1,1,1,0,0,0,1,1,1,1,1,1,1,0,1,1,0,0,1,0,0,0,0,0,0,0,0,1
282,1,1,0,0,1,1,1,0,0,0,1,1,1,1,1,1,1,0,1,1,0,0,1,0,0,0,0,0,0,0,0,1
283,1,1,0,0,1,1,1,0,0,0,1,1,1,1,1,1,1,0,1,1,0,0,1,0,0,0,0,0,0,0,0,1
284,1,1,0,0,1,1,1,0,0,0,1,1,1,1,1,1,1,0,1,1,0,0,1,0,0,0,0,0,0,0,0,1
285,1,1,0,0,1,1,1,0,0,0,1,1,1,1,1,1,1,0,1,1,0,0,1,0,0,0,0,0,0,0,0,1
286,1,1,0,0,1,1,1,0,0,0,1,1,1,1,1,1,1,0,1,1,0,0,1,0,0,0,0,0,0,0,0,1
287,1,1,0,0,1,1,1,0,0,0,1,1,1,1,1,1,1,0,1,1,0,0,1,0,0,0,0,0,0,0,0,1
288,1,1,0,0,1,1,1,0,0,0,1,1,1,1,1,1,1,0,1,1,0,0,1,0,0,0,0,0,0,0,0,1
289,1,1,0,0,1,1,1,0,0,0,1,1,1,1,1,1,1,0,1,1,0,0,1,0,0,0,0,0,0,0,0,1
290,1,1,0,0,1,1,1,0,0,0,1,1,1,1,1,1,1,0,1,1,0,0,1,0,0,0,0,0,0,0,0,1
291,1,1,0,0,1,1,1,0,0,0,1,1,1,1,1,1,1,0,1,1,0,0,1,0,0,0,0,0,0,0,0,1
292,1,1,0,0,1,1,1,0,0,0,1,1,1,1,1,1,1,0,1,1,0,0,1,0,0,0,0,0,0,0,0,1
293,1,1,0,0,1,1,1,0,0,0,1,1,1,1,1,1,1,0,1,1,0,0,1,0,0,0,0,0,0,0,0,1
294,1,1,0,0,1,1,1,0,0,0,1,1,1,1,1,1,1,0,1,1,0,0,1,0,0,0,0,0,0,0,0,1
295,1,1,0,0,1,1,1,0,0,0,1,1,1,1,1,1,1,0,1,1,0,0,1,0,0,0,0,0,0,0,0,1
296,1,1,0,0,1,1,1,0,0,0,1,1,1,1,1,1,1,0,1,1,0,0,1,0,0,0,0,0,0,0,0,1
297,1,1,0,0,1,1,1,0,0,0,1,1,1,1,1,1,1,0,1,1,0,0,1,0,0,0,0,0,0,0,0,1
298,1,1,0,0,1,1,1,0,0,0,1,1,1,1,1,1,1,0,1,1,0,0,1,0,0,0,0,0,0,0,0,1
299,1,1,0,0,1,1,1,0,0,0,1,1,1,1,1,1,1,0,1,1,0,0,1,0,0,0,0,0,0,0,0,1
300,1,1,0,0,1,1,1,0,0,0,1,1,1,1,1,1,1,0,1,1,0,0,1,0,0,0,0,0,0,0,0,1
301,1,1,0,0,1,1,1,0,0,0,1,1,1,1,1,1,1,0,1,1,0,0,1,0,0,0,0,0,0,0,0,1
302,1,1,0,0,1,1,1,0,0,0,1,1,1,1,1,1,1,0,1,1,0,0,1,0,0,0,0,0,0,0,0,1
303,1,1,0,0,1,1,1,0,0,0,1,1,1,1,1,1,1,0,1,1,0,0,1,0,0,0,0,0,0,0,0,1
304,1,1,0,0,1,1,1,0,0,0,1,1,1,1,1,1,1,0,1,1,0,0,1,0,0,0,0,0,0,0,0,1
305,1,1,0,0,1,1,1,0,0,0,1,1,1,1,1,1,1,0,1,1,0,0,1,0,0,0,0,0,0,0,0,1
306,1,1,0,0,1,1,1,0,0,0,1,1,1,1,1,1,1,0,1,1,0,0,1,0,0,0,0,0,0,0,0,1
307,1,1,0,0,1,1,1,0,0,0,1,1,1,1,1,1,1,0,1,1,0,0,1,0,0,0,0,0,0,0,0,1
308,1,1,0,0,1,1,1,0,0,0,1,1,1,1,1,1,1,0,1,1,0,0,1,0,0,0,0,0,0,0,0,1
309,1,1,0,0,1,1,1,0,0,0,1,1,1,1,1,1,1,0,1,1,0,0,1,0,0,0,0,0,0,0,0,1
310,1,1,0,0,1,1,1,0,0,0,1,1,1,1,1,1,1,0,1,1,0,0,1,0,0,0,0,0,0,0,0,1
311,1,1,0,0,1,1,1,0,0,0,1,1,1,1,1,1,1,0,1,1,0,0,1,0,0,0,0,0,0,0,0,1
312,1,1,0,0,1,1,1,0,0,0,1,1,1,1,1,1,1,0,1,1,0,0,1,0,0,0,0,0,0,0,0,1
313,1,1,0,0,1,1,1,0,0,0,1,1,1,1,1,1,1,0,1,1,0,0,1,0,0,0,0,0,0,0,0,1
314,1,1,0,0,1,1,1,0,0,0,1,1,1,1,1,1,1,0,1,1,0,0,1,0,0,0,0,0,0,0,0,1
315,1,1,0,0,1,1,1,0,0,0,1,1,1,1,1,1,1,0,1,1,0,0,1,0,0,0,0,0,0,0,0,1
316,1,1,0,0,1,1,1,0,0,0,1,1,1,1,1,1,1,0,1,1,0,0,1,0,0,0,0,0,0,0,0,1
317,1,1,0,0,1,1,1,0,0,0,1,1,1,1,1,1,1,0,1,1,0,0,1,0,0,0,0,0,0,0,0,1
318,1,1,0,0,1,1,1,0,0,0,1,1,1,1,1,1,1,0,1,1,0,0,1,0,0,0,0,0,0,0,0,1
319,1,1,0,0,1,1,1,0,0,0,1,1,1,1,1,1,1,0,1,1,0,0,1,0,0,0,0,0,0,0,0,1
320,1,1,0,0,1,1,1,0,0,0,1,1,1,1,1,1,1,0,1,1,0,0,1,0,0,0,0,0,0,0,0,1
321,1,1,0,0,1,1,1,0,0,0,1,1,1,1,1,1,1,0,1,1,0,0,1,0,0,0,0,0,0,0,0,1
322,1,1,0,0,1,1,1,0,0,0,1,1,1,1,1,1,1,0,1,1,0,0,1,0,0,0,0,0,0,0,0,1
323,1,1,0,0,1,1,1,0,0,0,1,1,1,1,1,1,1,0,1,1,0,0,1,0,0,0,0,0,0,0,0,1
324,1,1,0,0,1,1,1,0,0,0,1,1,1,1,1,1,1,0,1,1,0,0,1,0,0,0,0,0,0,0,0,1
325,1,1,0,0,1,1,1,0,0,0,1,1,1,1,1,1,1,0,1,1,0,0,1,0,0,0,0,0,0,0,0,1
326,1,1,0,0,1,1,1,0,0,0,1,1,1,1,1,1,1,0,1,1,0,0,1,0,0,0,0,0,0,0,0,1
327,1,1,0,0,1,1,1,0,0,0,1,1,1,1,1,1,1,0,1,1,0,0,1,0,0,0,0,0,0,0,0,1
328,1,1,0,0,1,1,1,0,0,0,1,1,1,1,1,1,1,0,1,1,0,0,1,0,0,0,0,0,0,0,0,1
329,1,1,0,0,1,1,1,0,0,0,1,1,1,1,1,1,1,0,1,1,0,0,1,0,0,0,0,0,0,0,0,1
330,1,1,0,0,1,1,1,0,0,0,1,1,1,1,1,1,1,0,1,1,0,0,1,0,0,0,0,0,0,0,0,1
331,1,1,0,0,1,1,1,0,0,0,1,1,1,1,1,1,1,0,1,1,0,0,1,0,0,0,0,0,0,0,0,1
332,1,1,0,0,1,1,1,0,0,0,1,1,1,1,1,1,1,0,1,1,0,0,1,0,0,0,0,0,0,0,0,1
333,1,1,0,0,1,1,1,0,0,0,1,1,1,1,1,1,1,0,1,1,0,0,1,0,0,0,0,0,0,0,0,1
334,1,1,0,0,1,1,1,0,0,0,1,1,1,1,1,1,1,0,1,1,0,0,1,0,0,0,0,0,0,0,0,1
335,1,1,0,0,1,1,1,0,0,0,1,1,1,1,1,1,1,0,1,1,0,0,1,0,0,0,0,0,0,0,0,1
336,1,1,0,0,1,1,1,0,0,0,1,1,1,1,1,1,1,0,1,1,0,0,1,0,0,0,0,0,0,0,0,1
337,1,1,0,0,1,1,1,0,0,0,1,1,1,1,1,1,1,0,1,1,0,0,1,0,0,0,0,0,0,0,0,1
338,1,1,0,0,1,1,1,0,0,0,1,1,1,1,1,1,1,0,1,1,0,0,1,0,0,0,0,0,0,0,0,1
339,1,1,0,0,1,1,1,0,0,0,1,1,1,1,1,1,1,0,1,1,0,0,1,0,0,0,0,0,0,0,0,1
340,1,1,0,0,1,1,1,0,0,0,1,1,1,1,1,1,1,0,1,1,0,0,1,0,0,0,0,0,0,0,0,1
341,1,1,0,0,1,1,1,0,0,0,1,1,1,1,1,1,1,0,1,1,0,0,1,0,0,0,0,0,0,0,0,1
342,1,1,0,0,1,1,1,0,0,0,1,1,1,1,1,1,1,0,1,1,0,0,1,0,0,0,0,0,0,0,0,1
343,1,1,0,0,1,1,1,0,0,0,1,1,1,1,1,1,1,0,1,1,0,0,1,0,0,0,0,0,0,0,0,1
344,1,1,0,0,1,1,1,0,0,0,1,1,1,1,1,1,1,0,1,1,0,0,1,0,0,0,0,0,0,0,0,1
345,1,1,0,0,1,1,1,0,0,0,1,1,1,1,1,1,1,0,1,1,0,0,1,0,0,0,0,0,0,0,0,1
346,1,1,0,0,1,1,1,0,0,0,1,1,1,1,1,1,1,0,1,1,0,0,1,0,0,0,0,0,0,0,0,1
347,1,1,0,0,1,1,1,0,0,0,1,1,1,1,1,1,1,0,1,1,0,0,1,0,0,0,0,0,0,0,0,1
348,1,1,0,0,1,1,1,0,0,0,1,1,1,1,1,1,1,0,1,1,0,0,1,0,0,0,0,0,0,0,0,1
349,1,1,0,0,1,1,1,0,0,0,1,1,1,1,1,1,1,0,1,1,0,0,1,0,0,0,0,0,0,0,0,1
350,1,1,0,0,1,1,1,0,0,0,1,1,1,1,1,1,1,0,1,1,0,0,1,0,0,0,0,0,0,0,0,1
351,1,1,0,0,1,1,1,0,0,0,1,1,1,1,1,1,1,0,1,1,0,0,1,0,0,0,0,0,0,0,0,1
352,1,1,0,0,1,1,1,0,0,0,1,1,1,1,1,1,1,0,1,1,0,0,1,0,0,0,0,0,0,0,0,1
353,1,1,0,0,1,1,1,0,0,0,1,1,1,1,1,1,1,0,1,1,0,0,1,0,0,0,0,0,0,0,0,1
354,1,1,0,0,1,1,1,0,0,0,1,1,1,1,1,1,1,0,1,1,0,0,1,0,0,0,0,0,0,0,0,1
355,1,1,0,0,1,1,1,0,0,0,1,1,1,1,1,1,1,0,1,1,0,0,1,0,0,0,0,0,0,0,0,1
356,1,1,0,0,1,1,1,0,0,0,1,1,1,1,1,1,1,0,1,1,0,0,1,0,0,0,0,0,0,0,0,1
357,1,1,0,0,1,1,1,0,0,0,1,1,1,1,1,1,1,0,1,1,0,0,1,0,0,0,0,0,0,0,0,1
358,1,1,0,0,1,1,1,0,0,0,1,1,1,1,1,1,1,0,1,1,0,0,1,0,0,0,0,0,0,0,0,1
359,1,1,0,0,1,1,1,0,0,0,1,1,1,1,1,1,1,0,1,1,0,0,1,0,0,0,0,0,0,0,0,1
360,1,1,0,0,1,1,1,0,0,0,1,1,1,1,1,1,1,0,1,1,0,0,1,0,0,0,0,0,0,0,0,1
361,1,1,0,0,1,1,1,0,0,0,1,1,1,1,1,1,1,0,1,1,0,0,1,0,0,0,0,0,0,0,0,1
362,1,1,0,0,1,1,1,0,0,0,1,1,1,1,1,1,1,0,1,1,0,0,1,0,0,0,0,0,0,0,0,1
363,1,1,0,0,1,1,1,0,0,0,1,1,1,1,1,1,1,0,1,1,0,0,1,0,0,0,0,0,0,0,0,1
364,1,1,0,0,1,1,1,0,0,0,1,1,1,1,1,1,1,0,1,1,0,0,1,0,0,0,0,0,0,0,0,1
365,1,1,0,0,1,1,1,0,0,0,1,1,1,1,1,1,1,0,1,1,0,0,1,0,0,0,0,0,0,0,0,1
366,1,1,0,0,1,1,1,0,0,0,1,1,1,1,1,1,1,0,1,1,0,0,1,0,0,0,0,0,0,0,0,1
367,1,1,0,0,1,1,1,0,0,0,1,1,1,1,1,1,1,0,1,1,0,0,1,0,0,0,0,0,0,0,0,1
368,1,1,0,0,1,1,1,0,0,0,1,1,1,1,1,1,1,0,1,1,0,0,1,0,0,0,0,0,0,0,0,1
369,1,1,0,0,1,1,1,0,0,0,1,1,1,1,1,1,1,0,1,1,0,0,1,0,0,0,0,0,0,0,0,1
370,1,1,0,0,1,1,1,0,0,0,1,1,1,1,1,1,1,0,1,1,0,0,1,0,0,0,0,0,0,0,0,1
371,1,1,0,0,1,1,1,0,0,0,1,1,1,1,1,1,1,0,1,1,0,0,1,0,0,0,0,0,0,0,0,1
372,1,1,0,0,1,1,1,0,0,0,1,1,1,1,1,1,1,0,1,1,0,0,1,0,0,0,0,0,0,0,0,1
373,1,1,0,0,1,1,1,0,0,0,1,1,1,1,1,1,1,0,1,1,0,0,1,0,0,0,0,0,0,0,0,1
374,1,1,0,0,1,1,1,0,0,0,1,1,1,1,1,1,1,0,1,1,0,0,1,0,0,0,0,0,0,0,0,1
375,1,1,0,0,1,1,1,0,0,0,1,1,1,1,1,1,1,0,1,1,0,0,1,0,0,0,0,0,0,0,0,1
376,1,1,0,0,1,1,1,0,0,0,1,1,1,1,1,1,1,0,1,1,0,0,1,0,0,0,0,0,0,0,0,1
377,1,1,0,0,1,1,1,0,0,0,1,1,1,1,1,1,1,0,1,1,0,0,1,0,0,0,0,0,0,0,0,1
378,1,1,0,0,1,1,1,0,0,0,1,1,1,1,1,1,1,0,1,1,0,0,1,0,0,0,0,0,0,0,0,1
379,1,1,0,0,1,1,1,0,0,0,1,1,1,1,1,1,1,0,1,1,0,0,1,0,0,0,0,0,0,0,0,1
380,1,1,0,0,1,1,1,0,0,0,1,1,1,1,1,1,1,0,1,1,0,0,1,0,0,0,0,0,0,0,0,1
381,1,1,0,0,1,1,1,0,0,0,1,1,1,1,1,1,1,0,1,1,0,0,1,0,0,0,0,0,0,0,0,1
382,1,1,0,0,1,1,1,0,0,0,1,1,1,1,1,1,1,0,1,1,0,0,1,0,0,0,0,0,0,0,0,1
383,1,1,0,0,1,1,1,0,0,0,1,1,1,1,1,1,1,0,1,1,0,0,1,0,0,0,0,0,0,0,0,1
384,1,1,0,0,1,1,1,0,0,0,1,1,1,1,1,1,1,0,1,1,0,0,1,0,0,0,0,0,0,0,0,1
385,1,1,0,0,1,1,1,0,0,0,1,1,1,1,1,1,1,0,1,1,0,0,1,0,0,0,0,0,0,0,0,1
386,1,1,0,0,1,1,1,0,0,0,1,1,1,1,1,1,1,0,1,1,0,0,1,0,0,0,0,0,0,0,0,1
387,1,1,0,0,1,1,1,0,0,0,1,1,1,1,1,1,1,0,1,1,0,0,1,0,0,0,0,0,0,0,0,1
388,1,1,0,0,1,1,1,0,0,0,1,1,1,1,1,1,1,0,1,1,0,0,1,0,0,0,0,0,0,0,0,1
389,1,1,0,0,1,1,1,0,0,0,1,1,1,1,1,1,1,0,1,1,0,0,1,0,0,0,0,0,0,0,0,1
390,1,1,0,0,1,1,1,0,0,0,1,1,1,1,1,1,1,0,1,1,0,0,1,0,0,0,0,0,0,0,0,1
391,1,1,0,0,1,1,1,0,0,0,1,1,1,1,1,1,1,0,1,1,0,0,1,0,0,0,0,0,0,0,0,1
392,1,1,0,0,1,1,1,0,0,0,1,1,1,1,1,1,1,0,1,1,0,0,1,0,0,0,0,0,0,0,0,1
393,1,1,0,0,1,1,1,0,0,0,1,1,1,1,1,1,1,0,1,1,0,0,1,0,0,0,0,0,0,0,0,1
394,1,1,0,0,1,1,1,0,0,0,1,1,1,1,1,1,1,0,1,1,0,0,1,0,0,0,0,0,0,0,0,1
395,1,1,0,0,1,1,1,0,0,0,1,1,1,1,1,1,1,0,1,1,0,0,1,0,0,0,0,0,0,0,0,1
396,1,1,0,0,1,1,1,0,0,0,1,1,1,1,1,1,1,0,1,1,0,0,1,0,0,0,0,0,0,0,0,1
397,1,1,0,0,1,1,1,0,0,0,1,1,1,1,1,1,1,0,1,1,0,0,1,0,0,0,0,0,0,0,0,1
398,1,1,0,0,1,1,1,0,0,0,1,1,1,1,1,1,1,0,1,1,0,0,1,0,0,0,0,0,0,0,0,1
399,1,1,0,0,1,1,1,0,0,0,1,1,1,1,1,1,1,0,1,1,0,0,1,0,0,0,0,0,0,0,0,1
400,1,1,0,0,1,1,1,0,0,0,1,1,1,1,1,1,1,0,1,1,0,0,1,0,0,0,0,0,0,0,0,1
401,1,1,0,0,1,1,1,0,0,0,1,1,1,1,1,1,1,0,1,1,0,0,1,0,0,0,0,0,0,0,0,1
402,1,1,0,0,1,1,1,0,0,0,1,1,1,1,1,1,1,0,1,1,0,0,1,0,0,0,0,0,0,0,0,1
403,1,1,0,0,1,1,1,0,0,0,1,1,1,1,1,1,1,0,1,1,0,0,1,0,0,0,0,0,0,0,0,1
404,1,1,0,0,1,1,1,0,0,0,1,1,1,1,1,1,1,0,1,1,0,0,1,0,0,0,0,0,0,0,0,1
405,1,1,0,0,1,1,1,0,0,0,1,1,1,1,1,1,1,0,1,1,0,0,1,0,0,0,0,0,0,0,0,1
406,1,1,0,0,1,1,1,0,0,0,1,1,1,1,1,1,1,0,1,1,0,0,1,0,0,0,0,0,0,0,0,1
407,1,1,0,0,1,1,1,0,0,0,1,1,1,1,1,1,1,0,1,1,0,0,1,0,0,0,0,0,0,0,0,1
408,1,1,0,0,1,1,1,0,0,0,1,1,1,1,1,1,1,0,1,1,0,0,1,0,0,0,0,0,0,0,0,1
409,1,1,0,0,1,1,1,0,0,0,1,1,1,1,1,1,1,0,1,1,0,0,1,0,0,0,0,0,0,0,0,1
410,1,1,0,0,1,1,1,0,0,0,1,1,1,1,1,1,1,0,1,1,0,0,1,0,0,0,0,0,0,0,0,1
411,1,1,0,0,1,1,1,0,0,0,1,1,1,1,1,1,1,0,1,1,0,0,1,0,0,0,0,0,0,0,0,1
412,1,1,0,0,1,1,1,0,0,0,1,1,1,1,1,1,1,0,1,1,0,0,1,0,0,0,0,0,0,0,0,1
413,1,1,0,0,1,1,1,0,0,0,1,1,1,1,1,1,1,0,1,1,0,0,1,0,0,0,0,0,0,0,0,1
414,1,1,0,0,1,1,1,0,0,0,1,1,1,1,1,1,1,0,1,1,0,0,1,0,0,0,0,0,0,0,0,1
415,1,1,0,0,1,1,1,0,0,0,1,1,1,1,1,1,1,0,1,1,0,0,1,0,0,0,0,0,0,0,0,1
416,1,1,0,0,1,1,1,0,0,0,1,1,1,1,1,1,1,0,1,1,0,0,1,0,0,0,0,0,0,0,0,1
417,1,1,0,0,1,1,1,0,0,0,1,1,1,1,1,1,1,0,1,1,0,0,1,0,0,0,0,0,0,0,0,1
418,1,1,0,0,1,1,1,0,0,0,1,1,1,1,1,1,1,0,1,1,0,0,1,0,0,0,0,0,0,0,0,1
419,1,1,0,0,1,1,1,0,0,0,1,1,1,1,1,1,1,0,1,1,0,0,1,0,0,0,0,0,0,0,0,1
420,1,1,0,0,1,1,1,0,0,0,1,1,1,1,1,1,1,0,1,1,0,0,1,0,0,0,0,0,0,0,0,1
421,1,1,0,0,1,1,1,0,0,0,1,1,1,1,1,1,1,0,1,1,0,0,1,0,0,0,0,0,0,0,0,1
422,1,1,0,0,1,1,1,0,0,0,1,1,1,1,1,1,1,0,1,1,0,0,1,0,0,0,0,0,0,0,0,1
423,1,1,0,0,1,1,1,0,0,0,1,1,1,1,1,1,1,0,1,1,0,0,1,0,0,0,0,0,0,0,0,1
424,1,1,0,0,1,1,1,0,0,0,1,1,1,1,1,1,1,0,1,1,0,0,1,0,0,0,0,0,0,0,0,1
425,1,1,0,0,1,1,1,0,0,0,1,1,1,1,1,1,1,0,1,1,0,0,1,0,0,0,0,0,0,0,0,1
426,1,1,0,0,1,1,1,0,0,0,1,1,1,1,1,1,1,0,1,1,0,0,1,0,0,0,0,0,0,0,0,1
427,1,1,0,0,1,1,1,0,0,0,1,1,1,1,1,1,1,0,1,1,0,0,1,0,0,0,0,0,0,0,0,1
428,1,1,0,0,1,1,1,0,0,0,1,1,1,1,1,1,1,0,1,1,0,0,1,0,0,0,0,0,0,0,0,1
429,1,1,0,0,1,1,1,0,0,0,1,1,1,1,1,1,1,0,1,1,0,0,1,0,0,0,0,0,0,0,0,1
430,1,1,0,0,1,1,1,0,0,0,1,1,1,1,1,1,1,0,1,1,0,0,1,0,0,0,0,0,0,0,0,1
431,1,1,0,0,1,1,1,0,0,0,1,1,1,1,1,1,1,0,1,1,0,0,1,0,0,0,0,0,0,0,0,1
432,1,1,0,0,1,1,1,0,0,0,1,1,1,1,1,1,1,0,1,1,0,0,1,0,0,0,0,0,0,0,0,1
433,1,1,0,0,1,1,1,0,0,0,1,1,1,1,1,1,1,0,1,1,0,0,1,0,0,0,0,0,0,0,0,1
434,1,1,0,0,1,1,1,0,0,0,1,1,1,1,1,1,1,0,1,1,0,0,1,0,0,0,0,0,0,0,0,1
435,1,1,0,0,1,1,1,0,0,0,1,1,1,1,1,1,1,0,1,1,0,0,1,0,0,0,0,0,0,0,0,1
436,1,1,0,0,1,1,1,0,0,0,1,1,1,1,1,1,1,0,1,1,0,0,1,0,0,0,0,0,0,0,0,1
437,1,1,0,0,1,1,1,0,0,0,1,1,1,1,1,1,1,0,1,1,0,0,1,0,0,0,0,0,0,0,0,1
438,1,1,0,0,1,1,1,0,0,0,1,1,1,1,1,1,1,0,1,1,0,0,1,0,0,0,0,0,0,0,0,1
439,1,1,0,0,1,1,1,0,0,0,1,1,1,1,1,1,1,0,1,1,0,0,1,0,0,0,0,0,0,0,0,1
440,1,1,0,0,1,1,1,0,0,0,1,1,1,1,1,1,1,0,1,1,0,0,1,0,0,0,0,0,0,0,0,1
441,1,1,0,0,1,1,1,0,0,0,1,1,1,1,1,1,1,0,1,1,0,0,1,0,0,0,0,0,0,0,0,1
442,1,1,0,0,1,1,1,0,0,0,1,1,1,1,1,1,1,0,1,1,0,0,1,0,0,0,0,0,0,0,0,1
443,1,1,0,0,1,1,1,0,0,0,1,1,1,1,1,1,1,0,1,1,0,0,1,0,0,0,0,0,0,0,0,1
444,1,1,0,0,1,1,1,0,0,0,1,1,1,1,1,1,1,0,1,1,0,0,1,0,0,0,0,0,0,0,0,1
445,1,1,0,0,1,1,1,0,0,0,1,1,1,1,1,1,1,0,1,1,0,0,1,0,0,0,0,0,0,0,0,1
446,1,1,0,0,1,1,1,0,0,0,1,1,1,1,1,1,1,0,1,1,0,0,1,0,0,0,0,0,0,0,0,1
447,1,1,0,0,1,1,1,0,0,0,1,1,1,1,1,1,1,0,1,1,0,0,1,0,0,0,0,0,0,0,0,1
448,1,1,0,0,1,1,1,0,0,0,1,1,1,1,1,1,1,0,1,1,0,0,1,0,0,0,0,0,0,0,0,1
449,1,1,0,0,1,1,1,0,0,0,1,1,1,1,1,1,1,0,1,1,0,0,1,0,0,0,0,0,0,0,0,1
450,1,1,0,0,1,1,1,0,0,0,1,1,1,1,1,1,1,0,1,1,0,0,1,0,0,0,0,0,0,0,0,1
451,1,1,0,0,1,1,1,0,0,0,1,1,1,1,1,1,1,0,1,1,0,0,1,0,0,0,0,0,0,0,0,1
452,1,1,0,0,1,1,1,0,0,0,1,1,1,1,1,1,1,0,1,1,0,0,1,0,0,0,0,0,0,0,0,1
453,1,1,0,0,1,1,1,0,0,0,1,1,1,1,1,1,1,0,1,1,0,0,1,0,0,0,0,0,0,0,0,1
454,1,1,0,0,1,1,1,0,0,0,1,1,1,1,1,1,1,0,1,1,0,0,1,0,0,0,0,0,0,0,0,1
455,1,1,0,0,1,1,1,0,0,0,1,1,1,1,1,1,1,0,1,1,0,0,1,0,0,0,0,0,0,0,0,1
456,1,1,0,0,1,1,1,0,0,0,1,1,1,1,1,1,1,0,1,1,0,0,1,0,0,0,0,0,0,0,0,1
457,1,1,0,0,1,1,1,0,0,0,1,1,1,1,1,1,1,0,1,1,0,0,1,0,0,0,0,0,0,0,0,1
458,1,1,0,0,1,1,1,0,0,0,1,1,1,1,1,1,1,0,1,1,0,0,1,0,0,0,0,0,0,0,0,1
459,1,1,0,0,1,1,1,0,0,0,1,1,1,1,1,1,1,0,1,1,0,0,1,0,0,0,0,0,0,0,0,1
460,1,1,0,0,1,1,1,0,0,0,1,1,1,1,1,1,1,0,1,1,0,0,1,0,0,0,0,0,0,0,0,1
461,1,1,0,0,1,1,1,0,0,0,1,1,1,1,1,1,1,0,1,1,0,0,1,0,0,0,0,0,0,0,0,1
462,1,1,0,0,1,1,1,0,0,0,1,1,1,1,1,1,1,0,1,1,0,0,1,0,0,0,0,0,0,0,0,1
463,1,1,0,0,1,1,1,0,0,0,1,1,1,1,1,1,1,0,1,1,0,0,1,0,0,0,0,0,0,0,0,1
464,1,1,0,0,1,1,1,0,0,0,1,1,1,1,1,1,1,0,1,1,0,0,1,0,0,0,0,0,0,0,0,1
465,1,1,0,0,1,1,1,0,0,0,1,1,1,1,1,1,1,0,1,1,0,0,1,0,0,0,0,0,0,0,0,1
466,1,1,0,0,1,1,1,0,0,0,1,1,1,1,1,1,1,0,1,1,0,0,1,0,0,0,0,0,0,0,0,1
467,1,1,0,0,1,1,1,0,0,0,1,1,1,1,1,1,1,0,1,1,0,0,1,0,0,0,0,0,0,0,0,1
468,1,1,0,0,1,1,1,0,0,0,1,1,1,1,1,1,1,0,1,1,0,0,1,0,0,0,0,0,0,0,0,1
469,1,1,0,0,1,1,1,0,0,0,1,1,1,1,1,1,1,0,1,1,0,0,1,0,0,0,0,0,0,0,0,1
470,1,1,0,0,1,1,1,0,0,0,1,1,1,1,1,1,1,0,1,1,0,0,1,0,0,0,0,0,0,0,0,1
471,1,1,0,0,1,1,1,0,0,0,1,1,1,1,1,1,1,0,1,1,0,0,1,0,0,0,0,0,0,0,0,1
472,1,1,0,0,1,1,1,0,0,0,1,1,1,1,1,1,1,0,1,1,0,0,1,0,0,0,0,0,0,0,0,1
473,1,1,0,0,1,1,1,0,0,0,1,1,1,1,1,1,1,0,1,1,0,0,1,0,0,0,0,0,0,0,0,1
474,1,1,0,0,1,1,1,0,0,0,1,1,1,1,1,1,1,0,1,1,0,0,1,0,0,0,0,0,0,0,0,1
475,1,1,0,0,1,1,1,0,0,0,1,1,1,1,1,1,1,0,1,1,0,0,1,0,0,0,0,0,0,0,0,1
476,1,1,0,0,1,1,1,0,0,0,1,1,1,1,1,1,1,0,1,1,0,0,1,0,0,0,0,0,0,0,0,1
477,1,1,0,0,1,1,1,0,0,0,1,1,1,1,1,1,1,0,1,1,0,0,1,0,0,0,0,0,0,0,0,1
478,1,1,0,0,1,1,1,0,0,0,1,1,1,1,1,1,1,0,1,1,0,0,1,0,0,0,0,0,0,0,0,1
479,1,1,0,0,1,1,1,0,0,0,1,1,1,1,1,1,1,0,1,1,0,0,1,0,0,0,0,0,0,0,0,1
480,1,1,0,0,1,1,1,0,0,0,1,1,1,1,1,1,1,0,1,1,0,0,1,0,0,0,0,0,0,0,0,1
481,1,1,0,0,1,1,1,0,0,0,1,1,1,1,1,1,1,0,1,1,0,0,1,0,0,0,0,0,0,0,0,1
482,1,1,0,0,1,1,1,0,0,0,1,1,1,1,1,1,1,0,1,1,0,0,1,0,0,0,0,0,0,0,0,1
483,1,1,0,0,1,1,1,0,0,0,1,1,1,1,1,1,1,0,1,1,0,0,1,0,0,0,0,0,0,0,0,1
484,1,1,0,0,1,1,1,0,0,0,1,1,1,1,1,1,1,0,1,1,0,0,1,0,0,0,0,0,0,0,0,1
485,1,1,0,0,1,1,1,0,0,0,1,1,1,1,1,1,1,0,1,1,0,0,1,0,0,0,0,0,0,0,0,1
486,1,1,0,0,1,1,1,0,0,0,1,1,1,1,1,1,1,0,1,1,0,0,1,0,0,0,0,0,0,0,0,1
487,1,1,0,0,1,1,1,0,0,0,1,1,1,1,1,1,1,0,1,1,0,0,1,0,0,0,0,0,0,0,0,1
488,1,1,0,0,1,1,1,0,0,0,1,1,1,1,1,1,1,0,1,1,0,0,1,0,0,0,0,0,0,0,0,1
489,1,1,0,0,1,1,1,0,0,0,1,1,1,1,1,1,1,0,1,1,0,0,1,0,0,0,0,0,0,0,0,1
490,1,1,0,0,1,1,1,0,0,0,1,1,1,1,1,1,1,0,1,1,0,0,1,0,0,0,0,0,0,0,0,1
491,1,1,0,0,1,1,1,0,0,0,1,1,1,1,1,1,1,0,1,1,0,0,1,0,0,0,0,0,0,0,0,1
492,1,1,0,0,1,1,1,0,0,0,1,1,1,1,1,1,1,0,1,1,0,0,1,0,0,0,0,0,0,0,0,1
493,1,1,0,0,1,1,1,0,0,0,1,1,1,1,1,1,1,0,1,1,0,0,1,0,0,0,0,0,0,0,0,1
494,1,1,0,0,1,1,1,0,0,0,1,1,1,1,1,1,1,0,1,1,0,0,1,0,0,0,0,0,0,0,0,1
495,1,1,0,0,1,1,1,0,0,0,1,1,1,1,1,1,1,0,1,1,0,0,1,0,0,0,0,0,0,0,0,1
496,1,1,0,0,1,1,1,0,0,0,1,1,1,1,1,1,1,0,1,1,0,0,1,0,0,0,0,0,0,0,0,1
497,1,1,0,0,1,1,1,0,0,0,1,1,1,1,1,1,1,0,1,1,0,0,1,0,0,0,0,0,0,0,0,1
498,1,1,0,0,1,1,1,1,1,0,1,1,1,1,1,1,1,0,1,1,0,0,1,0,0,0,0,0,0,0,0,1
499,1,1,0,0,1,1,1,1,1,0,1,1,1,1,1,1,1,0,1,1,0,0,1,0,1,0,0,0,0,0,1,1
500,0,1,1,0,1,1,1,1,1,0,1,1,1,1,1,1,1,0,1,1,0,0,1,0,1,0,0,0,0,0,1,1
501,0,1,1,0,1,1,1,1,1,0,1,1,1,1,1,1,1,0,1,1,0,0,1,0,1,0,0,0,0,0,1,1
502,0,1,1,0,1,1,1,1,1,0,1,1,1,0,1,1,0,0,1,1,0,0,1,0,1,0,0,0,0,0,1,1
503,0,1,1,0,1,1,1,1,1,0,1,1,1,0,1,1,0,0,1,1,0,0,1,0,1,0,0,0,0,0,1,1
504,0,1,1,0,1,1,1,1,1,0,1,1,1,0,1,1,0,0,1,1,0,0,1,0,0,0,0,0,0,0,1,1
505,0,1,1,0,1,1,1,1,1,0,1,1,1,0,1,1,0,0,1,1,0,0,1,0,0,0,0,0,0,0,1,1
506,0,1,1,0,1,1,1,1,1,0,1,1,1,0,1,1,0,0,1,1,0,0,1,0,0,0,0,0,0,0,1,1
507,0,1,1,0,1,1,1,1,1,0,1,1,1,0,1,1,0,0,1,1,0,0,1,0,0,0,0,0,0,0,1,1
508,0,1,1,0,1,1,1,1,1,0,1,1,1,0,1,1,0,0,1,1,0,0,1,0,0,0,0,0,0,0,1,1
509,0,1,1,0,1,1,1,1,1,0,1,1,1,0,1,1,0,0,1,1,0,0,1,0,0,0,0,0,0,0,1,1
510,0,1,1,0,1,1,1,1,1,0,1,1,1,0,1,1,0,0,1,1,0,0,1,0,0,0,0,0,0,0,1,1
511,0,1,1,0,1,1,1,1,1,0,1,1,1,0,1,1,0,0,1,1,0,0,1,0,0,0,0,0,0,0,1,1
512,0,1,1,0,1,1,1,1,1,0,1,1,1,0,1,1,0,0,1,1,0,0,1,0,0,0,0,0,0,0,1,1
513,0,1,1,0,1,1,1,1,1,0,1,1,1,0,1,1,0,0,1,1,0,0,1,0,0,0,0,0,0,0,1,1
514,0,1,1,0,1,1,1,1,1,0,1,1,1,0,1,1,0,0,1,1,0,0,1,0,0,0,0,0,0,0,1,1
515,0,1,1,0,1,1,1,1,1,0,1,1,1,0,1,1,0,0,1,1,0,0,1,0,0,0,0,0,0,0,1,1
516,0,1,1,0,1,1,1,1,1,0,1,1,1,0,1,1,0,0,1,1,0,0,1,0,0,0,0,0,0,0,1,1
517,0,1,1,0,1,1,1,1,1,0,1,1,1,0,1,1,0,0,1,1,0,0,1,0,0,0,0,0,0,0,1,1
518,0,1,1,0,1,1,1,1,1,0,1,1,1,0,1,1,0,0,1,1,0,0,1,0,0,0,0,0,0,0,1,1
519,0,1,1,0,1,1,1,1,1,0,1,1,1,0,1,1,0,0,1,1,0,0,1,0,0,0,0,0,0,0,1,1
520,0,1,1,0,1,1,1,1,1,0,1,1,1,0,1,1,0,0,1,1,0,0,1,0,0,0,0,0,0,0,1,1
521,0,1,1,0,1,1,1,1,1,0,1,1,1,0,1,1,0,0,1,1,0,0,1,0,0,0,0,0,0,0,1,1
522,0,1,1,0,1,1,1,1,1,0,1,1,1,0,1,1,0,0,1,1,0,0,1,0,0,0,0,0,0,0,1,1
523,0,1,1,0,1,1,1,1,1,0,1,1,1,0,1,1,0,0,1,1,0,0,1,0,0,0,0,0,0,0,1,1
524,0,1,1,0,1,1,1,1,1,0,1,1,1,0,1,1,0,0,1,1,0,0,1,0,0,0,0,0,0,0,1,1
525,0,1,1,0,1,1,1,1,1,0,1,1,1,0,1,1,0,0,1,1,0,0,1,0,0,0,0,0,0,0,1,1
526,0,1,1,0,1,1,1,1,1,0,1,1,1,0,1,1,0,0,1,1,0,0,1,0,0,0,0,0,0,0,1,1
527,0,1,1,0,1,1,1,1,1,0,1,1,1,0,1,1,0,0,1,1,0,0,1,0,0,0,0,0,0,0,1,1
528,0,1,1,0,1,1,1,1,1,0,1,1,1,0,1,1,0,0,1,1,0,0,1,0,0,0,0,0,0,0,1,1
529,0,1,1,0,1,1,1,1,1,0,1,1,1,0,1,1,0,0,1,1,0,0,1,0,0,0,0,0,0,0,1,1
530,0,1,1,0,1,1,1,1,1,0,1,1,1,0,1,1,0,0,1,1,0,0,1,0,0,0,0,0,0,0,1,1
531,0,1,1,0,1,1,1,1,1,0,1,1,1,0,1,1,0,0,1,1,0,0,1,0,0,0,0,0,0,0,1,1
532,0,1,1,0,1,1,1,1,1,0,1,1,1,0,1,1,0,0,1,1,0,0,1,0,0,0,0,0,0,0,1,1
533,0,1,1,0,1,1,1,1,1,0,1,1,1,0,1,1,0,0,1,1,0,0,1,0,0,0,0,0,0,0,1,1
534,0,1,1,0,1,1,1,1,1,0,1,1,1,0,1,1,0,0,1,1,0,0,1,0,0,0,0,0,0,0,1,1
535,0,1,1,0,1,1,1,1,1,0,1,1,1,0,1,1,0,0,1,1,0,0,1,0,0,0,0,0,0,0,1,1
536,0,1,1,0,1,1,1,1,1,0,1,1,1,0,1,1,0,0,1,1,0,0,1,0,0,0,0,0,0,0,1,1
537,0,1,1,0,1,1,1,1,1,0,1,1,1,0,1,1,0,0,1,1,0,0,1,0,0,0,0,0,0,0,1,1
538,0,1,1,0,1,1,1,1,1,0,1,1,1,0,1,1,0,0,1,1,0,0,1,0,0,0,0,0,0,0,1,1
539,0,1,1,0,1,1,1,1,1,0,1,1,1,0,1,1,0,0,1,1,0,0,1,0,0,0,0,0,0,0,1,1
540,0,1,1,0,1,1,1,1,1,0,1,1,1,0,1,1,0,0,1,1,0,0,1,0,0,0,0,0,0,0,1,1
541,0,1,1,0,1,1,1,1,1,0,1,1,1,0,1,1,0,0,1,1,0,0,1,0,0,0,0,0,0,0,1,1
542,0,1,1,0,1,1,1,1,1,0,1,1,1,0,1,1,0,0,1,1,0,0,1,0,0,0,0,0,0,0,1,1
543,0,1,1,0,1,1,1,1,1,0,1,1,1,0,1,1,0,0,1,1,0,0,1,0,0,0,0,0,0,0,1,1
544,0,1,1,0,1,1,1,1,1,0,1,1,1,0,1,1,0,0,1,1,0,0,1,0,0,0,0,0,0,0,1,1
545,0,1,1,0,1,1,1,1,1,0,1,1,1,0,1,1,0,0,1,1,0,0,1,0,0,0,0,0,0,0,1,1
546,0,1,1,0,1,1,1,1,1,0,1,1,1,0,1,1,0,0,1,1,0,0,1,0,0,0,0,0,0,0,1,1
547,0,1,1,0,1,1,1,1,1,0,1,1,1,0,1,1,0,0,1,1,0,0,1,0,0,0,0,0,0,0,1,1
548,0,1,1,0,1,1,1,1,1,0,1,1,1,0,1,1,0,0,1,1,0,0,1,0,0,0,0,0,0,0,1,1
549,0,1,1,0,1,1,1,1,1,0,1,1,1,0,1,1,0,0,1,1,0,0,1,0,0,0,0,0,0,0,1,1
550,0,1,1,0,1,1,1,1,1,0,1,1,1,0,1,1,0,0,1,1,0,0,1,0,0,0,0,0,0,0,1,1
551,0,1,1,0,1,1,1,1,1,0,1,1,1,0,1,1,0,0,1,1,0,0,1,0,0,0,0,0,0,0,1,1
552,0,1,1,0,1,1,1,1,1,0,1,1,1,0,1,1,0,0,1,1,0,0,1,0,0,0,0,0,0,0,1,1
553,0,1,1,0,1,1,1,1,1,0,1,1,1,0,1,1,0,0,1,1,0,0,1,0,0,0,0,0,0,0,1,1
554,0,1,1,0,1,1,1,1,1,0,1,1,1,0,1,1,0,0,1,1,0,0,1,0,0,0,0,0,0,0,1,1
555,0,1,1,0,1,1,1,1,1,0,1,1,1,0,1,1,0,0,1,1,0,0,1,0,0,0,0,0,0,0,1,1
556,0,1,1,0,1,1,1,1,1,0,1,1,1,0,1,1,0,0,1,1,0,0,1,0,0,0,0,0,0,0,1,1
557,0,1,1,0,1,1,1,1,1,0,1,1,1,0,1,1,0,0,1,1,0,0,1,0,0,0,0,0,0,0,1,1
558,0,1,1,0,1,1,1,1,1,0,1,1,1,0,1,1,0,0,1,1,0,0,1,0,0,0,0,0,0,0,1,1
559,0,1,1,0,1,1,1,1,1,0,1,1,1,0,1,1,0,0,1,1,0,0,1,0,0,0,0,0,0,0,1,1
560,0,1,1,0,1,1,1,1,1,0,1,1,1,0,1,1,0,0,1,1,0,0,1,0,0,0,0,0,0,0,1,1
561,0,1,1,0,1,1,1,1,1,0,1,1,1,0,1,1,0,0,1,1,0,0,1,0,0,0,0,0,0,0,1,1
562,0,1,1,0,1,1,1,1,1,0,1,1,1,0,1,1,0,0,1,1,0,0,1,0,0,0,0,0,0,0,1,1
563,0,1,1,0,1,1,1,1,1,0,1,1,1,0,1,1,0,0,1,1,0,0,1,0,0,0,0,0,0,0,1,1
564,0,1,1,0,1,1,1,1,1,0,1,1,1,0,1,1,0,0,1,1,0,0,1,0,0,0,0,0,0,0,1,1
565,0,1,1,0,1,1,1,1,1,0,1,1,1,0,1,1,0,0,1,1,0,0,1,0,0,0,0,0,0,0,1,1
566,0,1,1,0,1,1,1,1,1,0,1,1,1,0,1,1,0,0,1,1,0,0,1,0,0,0,0,0,0,0,1,1
567,0,1,1,0,1,1,1,1,1,0,1,1,1,0,1,1,0,0,1,1,0,0,1,0,0,0,0,0,0,0,1,1
568,0,1,1,0,1,1,1,1,1,0,1,1,1,0,1,1,0,0,1,1,0,0,1,0,0,0,0,0,0,0,1,1
569,0,1,1,0,1,1,1,1,1,0,1,1,1,0,1,1,0,0,1,1,0,0,1,0,0,0,0,0,0,0,1,1
570,0,1,1,0,1,1,1,1,1,0,1,1,1,0,1,1,0,0,1,1,0,0,1,0,0,0,0,0,0,0,1,1
571,0,1,1,0,1,1,1,1,1,0,1,1,1,0,1,1,0,0,1,1,0,0,1,0,0,0,0,0,0,0,1,1
572,0,1,1,0,1,1,1,1,1,0,1,1,1,0,1,1,0,0,1,1,0,0,1,0,0,0,0,0,0,0,1,1
573,0,1,1,0,1,1,1,1,1,0,1,1,1,0,1,1,0,0,1,1,0,0,1,0,0,0,0,0,0,0,1,1
574,0,1,1,0,1,1,1,1,1,0,1,1,1,0,1,1,0,0,1,1,0,0,1,0,0,0,0,0,0,0,1,1
575,0,1,1,0,1,1,1,1,1,0,1,1,1,0,1,1,0,0,1,1,0,0,1,0,0,0,0,0,0,0,1,1
576,0,1,1,0,1,1,1,1,1,0,1,1,1,0,1,1,0,0,1,1,0,0,1,0,0,0,0,0,0,0,1,1
577,0,1,1,0,1,1,1,1,1,0,1,1,1,0,1,1,0,0,1,1,0,0,1,0,0,0,0,0,0,0,1,1
578,0,1,1,0,1,1,1,1,1,0,1,1,1,0,1,1,0,0,1,1,0,0,1,0,0,0,0,0,0,0,1,1
579,0,1,1,0,1,1,1,1,1,0,1,1,1,0,1,1,0,0,1,1,0,0,1,0,0,0,0,0,0,0,1,1
580,0,1,1,0,1,1,1,1,1,0,1,1,1,0,1,1,0,0,1,1,0,0,1,0,0,0,0,0,0,0,1,1
581,0,1,1,0,1,1,1,1,1,0,1,1,1,0,1,1,0,0,1,1,0,0,1,0,0,0,0,0,0,0,1,1
582,0,1,1,0,1,1,1,1,1,0,1,1,1,0,1,1,0,0,1,1,0,0,1,0,0,0,0,0,0,0,1,1
583,0,1,1,0,1,1,1,1,1,0,1,1,1,0,1,1,0,0,1,1,0,0,1,0,0,0,0,0,0,0,1,1
584,0,1,1,0,1,1,1,1,1,0,1,1,1,0,1,1,0,0,1,1,0,0,1,0,0,0,0,0,0,0,1,1
585,0,1,1,0,1,1,1,1,1,0,1,1,1,0,1,1,0,0,1,1,0,0,1,0,0,0,0,0,0,0,1,1
586,0,1,1,0,1,1,1,1,1,0,1,1,1,0,1,1,0,0,1,1,0,0,1,0,0,0,0,0,0,0,1,1
587,0,1,1,0,1,1,1,1,1,0,1,1,1,0,1,1,0,0,1,1,0,0,1,0,0,0,0,0,0,0,1,1
588,0,1,1,0,1,1,1,1,1,0,1,1,1,0,1,1,0,0,1,1,0,0,1,0,0,0,0,0,0,0,1,1
589,0,1,1,0,1,1,1,1,1,0,1,1,1,0,1,1,0,0,1,1,0,0,1,0,0,0,0,0,0,0,1,1
590,0,1,1,0,1,1,1,1,1,0,1,1,1,0,1,1,0,0,1,1,0,0,1,0,0,0,0,0,0,0,1,1
591,0,1,1,0,1,1,1,1,1,0,1,1,1,0,1,1,0,0,1,1,0,0,1,0,0,0,0,0,0,0,1,1
592,0,1,1,0,1,1,1,1,1,0,1,1,1,0,1,1,0,0,1,1,0,0,1,0,0,0,0,0,0,0,1,1
593,0,1,1,0,1,1,1,1,1,0,1,1,1,0,1,1,0,0,1,1,0,0,1,0,0,0,0,0,0,0,1,1
594,0,1,1,0,1,1,1,1,1,0,1,1,1,0,1,1,0,0,1,1,0,0,1,0,0,0,0,0,0,0,1,1
595,0,1,1,0,1,1,1,1,1,0,1,1,1,0,1,1,0,0,1,1,0,0,1,0,0,0,0,0,0,0,1,1
596,0,1,1,0,1,1,1,1,1,0,1,1,1,0,1,1,0,0,1,1,0,0,1,0,0,0,0,0,0,0,1,1
597,0,1,1,0,1,1,1,1,1,0,1,1,1,0,1,1,0,0,1,1,0,0,1,0,0,0,0,0,0,0,1,1
598,0,1,1,0,1,1,1,1,1,0,1,1,1,0,1,1,0,0,1,1,0,0,1,0,0,0,0,0,0,0,1,1
599,0,1,1,0,1,1,1,1,1,0,1,1,1,0,1,1,0,0,1,1,0,0,1,0,0,0,0,0,0,0,1,1
600,0,1,1,0,1,1,1,1,1,0,1,1,1,0,1,1,0,0,1,1,0,0,1,0,0,0,0,0,0,0,1,1
601,0,1,1,0,1,1,1,1,1,0,1,1,1,0,1,1,0,0,1,1,0,0,1,0,0,0,0,0,0,0,1,1
602,0,1,1,0,1,1,1,1,1,0,1,1,1,0,1,1,0,0,1,1,0,0,1,0,0,0,0,0,0,0,1,1
603,0,1,1,0,1,1,1,1,1,0,1,1,1,0,1,1,0,0,1,1,0,0,1,0,0,0,0,0,0,0,1,1
604,0,1,1,0,1,1,1,1,1,0,1,1,1,0,1,1,0,0,1,1,0,0,1,0,0,0,0,0,0,0,1,1
605,0,1,1,0,1,1,1,1,1,0,1,1,1,0,1,1,0,0,1,1,0,0,1,0,0,0,0,0,0,0,1,1
606,0,1,1,0,1,1,1,1,1,0,1,1,1,0,1,1,0,0,1,1,0,0,1,0,0,0,0,0,0,0,1,1
607,0,1,1,0,1,1,1,1,1,0,1,1,1,0,1,1,0,0,1,1,0,0,1,0,0,0,0,0,0,0,1,1
608,0,1,1,0,1,1,1,1,1,0,1,1,1,0,1,1,0,0,1,1,0,0,1,0,0,0,0,0,0,0,1,1
609,0,1,1,0,1,1,1,1,1,0,1,1,1,0,1,1,0,0,1,1,0,0,1,0,0,0,0,0,0,0,1,1
610,0,1,1,0,1,1,1,1,1,0,1,1,1,0,1,1,0,0,1,1,0,0,1,0,0,0,0,0,0,0,1,1
611,0,1,1,0,1,1,1,1,1,0,1,1,1,0,1,1,0,0,1,1,0,0,1,0,0,0,0,0,0,0,1,1
612,0,1,1,0,1,1,1,1,1,0,1,1,1,0,1,1,0,0,1,1,0,0,1,0,0,0,0,0,0,0,1,1
613,0,1,1,0,1,1,1,1,1,0,1,1,1,0,1,1,0,0,1,1,0,0,1,0,0,0,0,0,0,0,1,1
614,0,1,1,0,1,1,1,1,1,0,1,1,1,0,1,1,0,0,1,1,0,0,1,0,0,0,0,0,0,0,1,1
615,0,1,1,0,1,1,1,1,1,0,1,1,1,0,1,1,0,0,1,1,0,0,1,0,0,0,0,0,0,0,1,1
616,0,1,1,0,1,1,1,1,1,0,1,1,1,0,1,1,0,0,1,1,0,0,1,0,0,0,0,0,0,0,1,1
617,0,1,1,0,1,1,1,1,1,0,1,1,1,0,1,1,0,0,1,1,0,0,1,0,0,0,0,0,0,0,1,1
618,0,1,1,0,1,1,1,1,1,0,1,1,1,0,1,1,0,0,1,1,0,0,1,0,0,0,0,0,0,0,1,1
619,0,1,1,0,1,1,1,1,1,0,1,1,1,0,1,1,0,0,1,1,0,0,1,0,0,0,0,0,0,0,1,1
620,0,1,1,0,1,1,1,1,1,0,1,1,1,0,1,1,0,0,1,1,0,0,1,0,0,0,0,0,0,0,1,1
621,0,1,1,0,1,1,1,1,1,0,1,1,1,0,1,1,0,0,1,1,0,0,1,0,0,0,0,0,0,0,1,1
622,0,1,1,0,1,1,1,1,1,0,1,1,1,0,1,1,0,0,1,1,0,0,1,0,0,0,0,0,0,0,1,1
623,0,1,1,0,1,1,1,1,1,0,1,1,1,0,1,1,0,0,1,1,0,0,1,0,0,0,0,0,0,0,1,1
624,0,1,1,0,1,1,1,1,1,0,1,1,1,0,1,1,0,0,1,1,0,0,1,0,0,0,0,0,0,0,1,1
625,0,1,1,0,1,1,1,1,1,0,1,1,1,0,1,1,0,0,1,1,0,0,1,0,0,0,0,0,0,0,1,1
626,0,1,1,0,1,1,1,1,1,0,1,1,1,0,1,1,0,0,1,1,0,0,1,0,0,0,0,0,0,0,1,1
627,0,1,1,0,1,1,1,1,1,0,1,1,1,0,1,1,0,0,1,1,0,0,1,0,0,0,0,0,0,0,1,1
628,0,1,1,0,1,1,1,1,1,0,1,1,1,0,1,1,0,0,1,1,0,0,1,0,0,0,0,0,0,0,1,1
629,0,1,1,0,1,1,1,1,1,0,1,1,1,0,1,1,0,0,1,1,0,0,1,0,0,0,0,0,0,0,1,1
630,0,1,1,0,1,1,1,1,1,0,1,1,1,0,1,1,0,0,1,1,0,0,1,0,0,0,0,0,0,0,1,1
631,0,1,1,0,1,1,1,1,1,0,1,1,1,0,1,1,0,0,1,1,0,0,1,0,0,0,0,0,0,0,1,1
632,0,1,1,0,1,1,1,1,1,0,1,1,1,0,1,1,0,0,1,1,0,0,1,0,0,0,0,0,0,0,1,1
633,0,1,1,0,1,1,1,1,1,0,1,1,1,0,1,1,0,0,1,1,0,0,1,0,0,0,0,0,0,0,1,1
634,0,1,1,0,1,1,1,1,1,0,1,1,1,0,1,1,0,0,1,1,0,0,1,0,0,0,0,0,0,0,1,1
635,0,1,1,0,1,1,1,1,1,0,1,1,1,0,1,1,0,0,1,1,0,0,1,0,0,0,0,0,0,0,1,1
636,0,1,1,0,1,1,1,1,1,0,1,1,1,0,1,1,0,0,1,1,0,0,1,0,0,0,0,0,0,0,1,1
637,0,1,1,0,1,1,1,1,1,0,1,1,1,0,1,1,0,0,1,1,0,0,1,0,0,0,0,0,0,0,1,1
638,0,1,1,0,1,1,1,1,1,0,1,1,1,0,1,1,0,0,1,1,0,0,1,0,0,0,0,0,0,0,1,1
639,0,1,1,0,1,1,1,1,1,0,1,1,1,0,1,1,0,0,1,1,0,0,1,0,0,0,0,0,0,0,1,1
640,0,1,1,0,1,1,1,1,1,0,1,1,1,0,1,1,0,0,1,1,0,0,1,0,0,0,0,0,0,0,1,1
641,0,1,1,0,1,1,1,1,1,0,1,1,1,0,1,1,0,0,1,1,0,0,1,0,0,0,0,0,0,0,1,1
642,0,1,1,0,1,1,1,1,1,0,1,1,1,0,1,1,0,0,1,1,0,0,1,0,0,0,0,0,0,0,1,1
643,0,1,1,0,1,1,1,1,1,0,1,1,1,0,1,1,0,0,1,1,0,0,1,0,0,0,0,0,0,0,1,1
644,0,1,1,0,1,1,1,1,1,0,1,1,1,0,1,1,0,0,1,1,0,0,1,0,0,0,0,0,0,0,1,1
645,0,1,1,0,1,1,1,1,1,0,1,1,1,0,1,1,0,0,1,1,0,0,1,0,0,0,0,0,0,0,1,1
646,0,1,1,0,1,1,1,1,1,0,1,1,1,0,1,1,0,0,1,1,0,0,1,0,0,0,0,0,0,0,1,1
647,0,1,1,0,1,1,1,1,1,0,1,1,1,0,1,1,0,0,1,1,0,0,1,0,0,0,0,0,0,0,1,1
648,0,1,1,0,1,1,1,1,1,0,1,1,1,0,1,1,0,0,1,1,0,0,1,0,0,0,0,0,0,0,1,1
649,0,1,1,0,1,1,1,1,1,0,1,1,1,0,1,1,0,0,1,1,0,0,1,0,0,0,0,0,0,0,1,1
650,0,1,1,0,1,1,1,1,1,0,1,1,1,0,1,1,0,0,1,1,0,0,1,0,0,0,0,0,0,0,1,1
651,0,1,1,0,1,1,1,1,1,0,1,1,1,0,1,1,0,0,1,1,0,0,1,0,0,0,0,0,0,0,1,1
652,0,1,1,0,1,1,1,1,1,0,1,1,1,0,1,1,0,0,1,1,0,0,1,0,0,0,0,0,0,0,1,1
653,0,1,1,0,1,1,1,1,1,0,1,1,1,0,1,1,0,0,1,1,0,0,1,0,0,0,0,0,0,0,1,1
654,0,1,1,0,1,1,1,1,1,0,1,1,1,0,1,1,0,0,1,1,0,0,1,0,0,0,0,0,0,0,1,1
655,0,1,1,0,1,1,1,1,1,0,1,1,1,0,1,1,0,0,1,1,0,0,1,0,0,0,0,0,0,0,1,1
656,0,1,1,0,1,1,1,1,1,0,1,1,1,0,1,1,0,0,1,1,0,0,1,0,0,0,0,0,0,0,1,1
657,0,1,1,0,1,1,1,1,1,0,1,1,1,0,1,1,0,0,1,1,0,0,1,0,0,0,0,0,0,0,1,1
658,0,1,1,0,1,1,1,1,1,0,1,1,1,0,1,1,0,0,1,1,0,0,1,0,0,0,0,0,0,0,1,1
659,0,1,1,0,1,1,1,1,1,0,1,1,1,0,1,1,0,0,1,1,0,0,1,0,0,0,0,0,0,0,1,1
660,0,1,1,0,1,1,1,1,1,0,1,1,1,0,1,1,0,0,1,1,0,0,1,0,0,0,0,0,0,0,1,1
661,0,1,1,0,1,1,1,1,1,0,1,1,1,0,1,1,0,0,1,1,0,0,1,0,0,0,0,0,0,0,1,1
662,0,1,1,0,1,1,1,1,1,0,1,1,1,0,1,1,0,0,1,1,0,0,1,0,0,0,0,0,0,0,1,1
663,0,1,1,0,1,1,1,1,1,0,1,1,1,0,1,1,0,0,1,1,0,0,1,0,0,0,0,0,0,0,1,1
664,0,1,1,0,1,1,1,1,1,0,1,1,1,0,1,1,0,0,1,1,0,0,1,0,0,0,0,0,0,0,1,1
665,0,1,1,0,1,1,1,1,1,0,1,1,1,0,1,1,0,0,1,1,0,0,1,0,0,0,0,0,0,0,1,1
666,0,1,1,0,1,1,1,1,1,0,1,1,1,0,1,1,0,0,1,1,0,0,1,0,0,0,0,0,0,0,1,1
667,0,1,1,0,1,1,1,1,1,0,1,1,1,0,1,1,0,0,1,1,0,0,1,0,0,0,0,0,0,0,1,1
668,0,1,1,0,1,1,1,1,1,0,1,1,1,0,1,1,0,0,1,1,0,0,1,0,0,0,0,0,0,0,1,1
669,0,1,1,0,1,1,1,1,1,0,1,1,1,0,1,1,0,0,1,1,0,0,1,0,0,0,0,0,0,0,1,1
670,0,1,1,0,1,1,1,1,1,0,1,1,1,0,1,1,0,0,1,1,0,0,1,0,0,0,0,0,0,0,1,1
671,0,1,1,0,1,1,1,1,1,0,1,1,1,0,1,1,0,0,1,1,0,0,1,0,0,0,0,0,0,0,1,1
672,0,1,1,0,1,1,1,1,1,0,1,1,1,0,1,1,0,0,1,1,0,0,1,0,0,0,0,0,0,0,1,1
673,0,1,1,0,1,1,1,1,1,0,1,1,1,0,1,1,0,0,1,1,0,0,1,0,0,0,0,0,0,0,1,1
674,0,1,1,0,1,1,1,1,1,0,1,1,1,0,1,1,0,0,1,1,0,0,1,0,0,0,0,0,0,0,1,1
675,0,1,1,0,1,1,1,1,1,0,1,1,1,0,1,1,0,0,1,1,0,0,1,0,0,0,0,0,0,0,1,1
676,0,1,1,0,1,1,1,1,1,0,1,1,1,0,1,1,0,0,1,1,0,0,1,0,0,0,0,0,0,0,1,1
677,0,1,1,0,1,1,1,1,1,0,1,1,1,0,1,1,0,0,1,1,0,0,1,0,0,0,0,0,0,0,1,1
678,0,1,1,0,1,1,1,1,1,0,1,1,1,0,1,1,0,0,1,1,0,0,1,0,0,0,0,0,0,0,1,1
679,0,1,1,0,1,1,1,1,1,0,1,1,1,0,1,1,0,0,1,1,0,0,1,0,0,0,0,0,0,0,1,1
680,0,1,1,0,1,1,1,1,1,0,1,1,1,0,1,1,0,0,1,1,0,0,1,0,0,0,0,0,0,0,1,1
681,0,1,1,0,1,1,1,1,1,0,1,1,1,0,1,1,0,0,1,1,0,0,1,0,0,0,0,0,0,0,1,1
682,0,1,1,0,1,1,1,1,1,0,1,1,1,0,1,1,0,0,1,1,0,0,1,0,0,0,0,0,0,0,1,1
683,0,1,1,0,1,1,1,1,1,0,1,1,1,0,1,1,0,0,1,1,0,0,1,0,0,0,0,0,0,0,1,1
684,0,1,1,0,1,1,1,1,1,0,1,1,1,0,1,1,0,0,1,1,0,0,1,0,0,0,0,0,0,0,1,1
685,0,1,1,0,1,1,1,1,1,0,1,1,1,0,1,1,0,0,1,1,0,0,1,0,0,0,0,0,0,0,1,1
686,0,1,1,0,1,1,1,1,1,0,1,1,1,0,1,1,0,0,1,1,0,0,1,0,0,0,0,0,0,0,1,1
687,0,1,1,0,1,1,1,1,1,0,1,1,1,0,1,1,0,0,1,1,0,0,1,0,0,0,0,0,0,0,1,1
688,0,1,1,0,1,1,1,1,1,0,1,1,1,0,1,1,0,0,1,1,0,0,1,0,0,0,0,0,0,0,1,1
689,0,1,1,0,1,1,1,1,1,0,1,1,1,0,1,1,0,0,1,1,0,0,1,0,0,0,0,0,0,0,1,1
690,0,1,1,0,1,1,1,1,1,0,1,1,1,0,1,1,0,0,1,1,0,0,1,0,0,0,0,0,0,0,1,1
691,0,1,1,0,1,1,1,1,1,0,1,1,1,0,1,1,0,0,1,1,0,0,1,0,0,0,0,0,0,0,1,1
692,0,1,1,0,1,1,1,1,1,0,1,1,1,0,1,1,0,0,1,1,0,0,1,0,0,0,0,0,0,0,1,1
693,0,1,1,0,1,1,1,1,1,0,1,1,1,0,1,1,0,0,1,1,0,0,1,0,0,0,0,0,0,0,1,1
694,0,1,1,0,1,1,1,1,1,0,1,1,1,0,1,1,0,0,1,1,0,0,1,0,0,0,0,0,0,0,1,1
695,0,1,1,0,1,1,1,1,1,0,1,1,1,0,1,1,0,0,1,1,0,0,1,0,0,0,0,0,0,0,1,1
696,0,1,1,0,1,1,1,1,1,0,1,1,1,0,1,1,0,0,1,1,0,0,1,0,0,0,0,0,0,0,1,1
697,0,1,1,0,1,1,1,1,1,0,1,1,1,0,1,1,0,0,1,1,0,0,1,0,0,0,0,0,0,0,1,1
698,0,1,1,0,1,1,1,1,1,0,1,1,1,0,1,1,0,0,1,1,0,0,1,0,0,0,0,0,0,0,1,1
699,0,1,1,0,1,1,1,1,1,0,1,1,1,0,1,1,0,0,1,1,0,0,1,0,0,0,0,0,0,0,1,1
700,0,1,1,0,1,1,1,1,1,0,1,1,1,0,1,1,0,0,1,1,0,0,1,0,0,0,0,0,0,0,1,1
701,0,1,1,0,1,1,1,1,1,0,1,1,1,0,1,1,0,0,1,1,0,0,1,0,0,0,0,0,0,0,1,1
702,0,1,1,0,1,1,1,1,1,0,1,1,1,0,1,1,0,0,1,1,0,0,1,0,0,0,0,0,0,0,1,1
703,0,1,1,0,1,1,1,1,1,0,1,1,1,0,1,1,0,0,1,1,0,0,1,0,0,0,0,0,0,0,1,1
704,0,1,1,0,1,1,1,1,1,0,1,1,1,0,1,1,0,0,1,1,0,0,1,0,0,0,0,0,0,0,1,1
705,0,1,1,0,1,1,1,1,1,0,1,1,1,0,1,1,0,0,1,1,0,0,1,0,0,0,0,0,0,0,1,1
706,0,1,1,0,1,1,1,1,1,0,1,1,1,0,1,1,0,0,1,1,0,0,1,0,0,0,0,0,0,0,1,1
707,0,1,1,0,1,1,1,1,1,0,1,1,1,0,1,1,0,0,1,1,0,0,1,0,0,0,0,0,0,0,1,1
708,0,1,1,0,1,1,1,1,1,0,1,1,1,0,1,1,0,0,1,1,0,0,1,0,0,0,0,0,0,0,1,1
709,0,1,1,0,1,1,1,1,1,0,1,1,1,0,1,1,0,0,1,1,0,0,1,0,0,0,0,0,0,0,1,1
710,0,1,1,0,1,1,1,1,1,0,1,1,1,0,1,1,0,0,1,1,0,0,1,0,0,0,0,0,0,0,1,1
711,0,1,1,0,1,1,1,1,1,0,1,1,1,0,1,1,0,0,1,1,0,0,1,0,0,0,0,0,0,0,1,1
712,0,1,1,0,1,1,1,1,1,0,1,1,1,0,1,1,0,0,1,1,0,0,1,0,0,0,0,0,0,0,1,1
713,0,1,1,0,1,1,1,1,1,0,1,1,1,0,1,1,0,0,1,1,0,0,1,0,0,0,0,0,0,0,1,1
714,0,1,1,0,1,1,1,1,1,0,1,1,1,0,1,1,0,0,1,1,0,0,1,0,0,0,0,0,0,0,1,1
715,0,1,1,0,1,1,1,1,1,0,1,1,1,0,1,1,0,0,1,1,0,0,1,0,0,0,0,0,0,0,1,1
716,0,1,1,0,1,1,1,1,1,0,1,1,1,0,1,1,0,0,1,1,0,0,1,0,0,0,0,0,0,0,1,1
717,0,1,1,0,1,1,1,1,1,0,1,1,1,0,1,1,0,0,1,1,0,0,1,0,0,0,0,0,0,0,1,1
718,0,1,1,0,1,1,1,1,1,0,1,1,1,0,1,1,0,0,1,1,0,0,1,0,0,0,0,0,0,0,1,1
719,0,1,1,0,1,1,1,1,1,0,1,1,1,0,1,1,0,0,1,1,0,0,1,0,0,0,0,0,0,0,1,1
720,0,1,1,0,1,1,1,1,1,0,1,1,1,0,1,1,0,0,1,1,0,0,1,0,0,0,0,0,0,0,1,1
721,0,1,1,0,1,1,1,1,1,0,1,1,1,0,1,1,0,0,1,1,0,0,1,0,0,0,0,0,0,0,1,1
722,0,1,1,0,1,1,1,1,1,0,1,1,1,0,1,1,0,0,1,1,0,0,1,0,0,0,0,0,0,0,1,1
723,0,1,1,0,1,1,1,1,1,0,1,1,1,0,1,1,0,0,1,1,0,0,1,0,0,0,0,0,0,0,1,1
724,0,1,1,0,1,1,1,1,1,0,1,1,1,0,1,1,0,0,1,1,0,0,1,0,0,0,0,0,0,0,1,1
725,0,1,1,0,1,1,1,1,1,0,1,1,1,0,1,1,0,0,1,1,0,0,1,0,0,0,0,0,0,0,1,1
726,0,1,1,0,1,1,1,1,1,0,1,1,1,0,1,1,0,0,1,1,0,0,1,0,0,0,0,0,0,0,1,1
727,0,1,1,0,1,1,1,1,1,0,1,1,1,0,1,1,0,0,1,1,0,0,1,0,0,0,0,0,0,0,1,1
728,0,1,1,0,1,1,1,1,1,0,1,1,1,0,1,1,0,0,1,1,0,0,1,0,0,0,0,0,0,0,1,1
729,0,1,1,0,1,1,1,1,1,0,1,1,1,0,1,1,0,0,1,1,0,0,1,0,0,0,0,0,0,0,1,1
730,0,1,1,0,1,1,1,1,1,0,1,1,1,0,1,1,0,0,1,1,0,0,1,0,0,0,0,0,0,0,1,1
731,0,1,1,0,1,1,1,1,1,0,1,1,1,0,1,1,0,0,1,1,0,0,1,0,0,0,0,0,0,0,1,1
732,0,1,1,0,1,1,1,1,1,0,1,1,1,0,1,1,0,0,1,1,0,0,1,0,0,0,0,0,0,0,1,1
733,0,1,1,0,1,1,1,1,1,0,1,1,1,0,1,1,0,0,1,1,0,0,1,0,0,0,0,0,0,0,1,1
734,0,1,1,0,1,1,1,1,1,0,1,1,1,0,1,1,0,0,1,1,0,0,1,0,0,0,0,0,0,0,1,1
735,0,1,1,0,1,1,1,1,1,0,1,1,1,0,1,1,0,0,1,1,0,0,1,0,0,0,0,0,0,0,1,1
736,0,1,1,0,1,1,1,1,1,0,1,1,1,0,1,1,0,0,1,1,0,0,1,0,0,0,0,0,0,0,1,1
737,0,1,1,0,1,1,1,1,1,0,1,1,1,0,1,1,0,0,1,1,0,0,1,0,0,0,0,0,0,0,1,1
738,0,1,1,0,1,1,1,1,1,0,1,1,1,0,1,1,0,0,1,1,0,0,1,0,0,0,0,0,0,0,1,1
739,0,1,1,0,1,1,1,1,1,0,1,1,1,0,1,1,0,0,1,1,0,0,1,0,0,0,0,0,0,0,1,1
740,0,1,1,0,1,1,1,1,1,0,1,1,1,0,1,1,0,0,1,1,0,0,1,0,0,0,0,0,0,0,1,1
741,0,1,1,0,1,1,1,1,1,0,1,1,1,0,1,1,0,0,1,1,0,0,1,0,0,0,0,0,0,0,1,1
742,0,1,1,0,1,1,1,1,1,0,1,1,1,0,1,1,0,0,1,1,0,0,1,0,0,0,0,0,0,0,1,1
743,0,1,1,0,1,1,1,1,1,0,1,1,1,0,1,1,0,0,1,1,0,0,1,0,0,0,0,0,0,0,1,1
744,0,1,1,0,1,1,1,1,1,0,1,1,1,0,1,1,0,0,1,1,0,0,1,0,0,0,0,0,0,0,1,1
745,0,1,1,0,1,1,1,1,1,0,1,1,1,0,1,1,0,0,1,1,0,0,1,0,0,0,0,0,0,0,1,1
746,0,1,1,0,1,1,1,1,1,0,1,1,1,0,1,1,0,0,1,1,0,0,1,0,0,0,0,0,0,0,1,1
747,0,1,1,0,1,1,1,1,1,0,1,1,1,0,1,1,0,0,1,1,0,0,1,0,0,0,0,0,0,0,1,1
748,0,1,1,0,1,1,1,1,1,0,1,1,1,0,1,1,0,0,1,1,0,0,1,0,0,0,0,0,0,0,1,1
749,0,1,1,0,1,1,1,1,1,0,1,1,1,0,1,1,0,0,1,1,0,0,1,0,0,0,0,0,0,0,1,1
750,0,1,1,0,1,1,1,1,1,0,1,1,1,0,1,1,0,0,1,1,0,0,1,0,0,0,0,0,0,0,1,1
751,0,1,1,0,1,1,1,1,1,0,1,1,1,0,1,1,0,0,1,1,0,0,1,0,0,0,0,0,0,0,1,1
752,0,1,1,0,1,1,1,1,1,0,1,1,1,0,1,1,0,0,1,1,0,0,1,0,0,0,0,0,0,0,1,1
753,0,1,1,0,1,1,1,1,1,0,1,1,1,0,1,1,0,0,1,1,0,0,1,0,0,0,0,0,0,0,1,1
754,0,1,1,0,1,1,1,1,1,0,1,1,1,0,1,1,0,0,1,1,0,0,1,0,0,0,0,0,0,0,1,1
755,0,1,1,0,1,1,1,1,1,0,1,1,1,0,1,1,0,0,1,1,0,0,1,0,0,0,0,0,0,0,1,1
756,0,1,1,0,1,1,1,1,1,0,1,1,1,0,1,1,0,0,1,1,0,0,1,0,0,0,0,0,0,0,1,1
757,0,1,1,0,1,1,1,1,1,0,1,1,1,0,1,1,0,0,1,1,0,0,1,0,0,0,0,0,0,0,1,1
758,0,1,1,0,1,1,1,1,1,0,1,1,1,0,1,1,0,0,1,1,0,0,1,0,0,0,0,0,0,0,1,1
759,0,1,1,0,1,1,1,1,1,0,1,1,1,0,1,1,0,0,1,1,0,0,1,0,0,0,0,0,0,0,1,1
760,0,1,1,0,1,1,1,1,1,0,1,1,1,0,1,1,0,0,1,1,0,0,1,0,0,0,0,0,0,0,1,1
761,0,1,1,0,1,1,1,1,1,0,1,1,1,0,1,1,0,0,1,1,0,0,1,0,0,0,0,0,0,0,1,1
762,0,1,1,0,1,1,1,1,1,0,1,1,1,0,1,1,0,0,1,1,0,0,1,0,0,0,0,0,0,0,1,1
763,0,1,1,0,1,1,1,1,1,0,1,1,1,0,1,1,0,0,1,1,0,0,1,0,0,0,0,0,0,0,1,1
764,0,1,1,0,1,1,1,1,1,0,1,1,1,0,1,1,0,0,1,1,0,0,1,0,0,0,0,0,0,0,1,1
765,0,1,1,0,1,1,1,1,1,0,1,1,1,0,1,1,0,0,1,1,0,0,1,0,0,0,0,0,0,0,1,1
766,0,1,1,0,1,1,1,1,1,0,1,1,1,0,1,1,0,0,1,1,0,0,1,0,0,0,0,0,0,0,1,1
767,0,1,1,0,1,1,1,1,1,0,1,1,1,0,1,1,0,0,1,1,0,0,1,0,0,0,0,0,0,0,1,1
768,0,1,1,0,1,1,1,1,1,0,1,1,1,0,1,1,0,0,1,1,0,0,1,0,0,0,0,0,0,0,1,1
769,0,1,1,0,1,1,1,1,1,0,1,1,1,0,1,1,0,0,1,1,0,0,1,0,0,0,0,0,0,0,1,1
770,0,1,1,0,1,1,1,1,1,0,1,1,1,0,1,1,0,0,1,1,0,0,1,0,0,0,0,0,0,0,1,1
771,0,1,1,0,1,1,1,1,1,0,1,1,1,0,1,1,0,0,1,1,0,0,1,0,0,0,0,0,0,0,1,1
772,0,1,1,0,1,1,1,1,1,0,1,1,1,0,1,1,0,0,1,1,0,0,1,0,0,0,0,0,0,0,1,1
773,0,1,1,0,1,1,1,1,1,0,1,1,1,0,1,1,0,0,1,1,0,0,1,0,0,0,0,0,0,0,1,1
774,0,1,1,0,1,1,1,1,1,0,1,1,1,0,1,1,0,0,1,1,0,0,1,0,0,0,0,0,0,0,1,1
775,0,1,1,0,1,1,1,1,1,0,1,1,1,0,1,1,0,0,1,1,0,0,1,0,0,0,0,0,0,0,1,1
776,0,1,1,0,1,1,1,1,1,0,1,1,1,0,1,1,0,0,1,1,0,0,1,0,0,0,0,0,0,0,1,1
777,0,1,1,0,1,1,1,1,1,0,1,1,1,0,1,1,0,0,1,1,0,0,1,0,0,0,0,0,0,0,1,1
778,0,1,1,0,1,1,1,1,1,0,1,1,1,0,1,1,0,0,1,1,0,0,1,0,0,0,0,0,0,0,1,1
779,0,1,1,0,1,1,1,1,1,0,1,1,1,0,1,1,0,0,1,1,0,0,1,0,0,0,0,0,0,0,1,1
780,0,1,1,0,1,1,1,1,1,0,1,1,1,0,1,1,0,0,1,1,0,0,1,0,0,0,0,0,0,0,1,1
781,0,1,1,0,1,1,1,1,1,0,1,1,1,0,1,1,0,0,1,1,0,0,1,0,0,0,0,0,0,0,1,1
782,0,1,1,0,1,1,1,1,1,0,1,1,1,0,1,1,0,0,1,1,0,0,1,0,0,0,0,0,0,0,1,1
783,0,1,1,0,1,1,1,1,1,0,1,1,1,0,1,1,0,0,1,1,0,0,1,0,0,0,0,0,0,0,1,1
784,0,1,1,0,1,1,1,1,1,0,1,1,1,0,1,1,0,0,1,1,0,0,1,0,0,0,0,0,0,0,1,1
785,0,1,1,0,1,1,1,1,1,0,1,1,1,0,1,1,0,0,1,1,0,0,1,0,0,0,0,0,0,0,1,1
786,0,1,1,0,1,1,1,1,1,0,1,1,1,0,1,1,0,0,1,1,0,0,1,0,0,0,0,0,0,0,1,1
787,0,1,1,0,1,1,1,1,1,0,1,1,1,0,1,1,0,0,1,1,0,0,1,0,0,0,0,0,0,0,1,1
788,0,1,1,0,1,1,1,1,1,0,1,1,1,0,1,1,0,0,1,1,0,0,1,0,0,0,0,0,0,0,1,1
789,0,1,1,0,1,1,1,1,1,0,1,1,1,0,1,1,0,0,1,1,0,0,1,0,0,0,0,0,0,0,1,1
790,0,1,1,0,1,1,1,1,1,0,1,1,1,0,1,1,0,0,1,1,0,0,1,0,0,0,0,0,0,0,1,1
791,0,1,1,0,1,1,1,1,1,0,1,1,1,0,1,1,0,0,1,1,0,0,1,0,0,0,0,0,0,0,1,1
792,0,1,1,0,1,1,1,1,1,0,1,1,1,0,1,1,0,0,1,1,0,0,1,0,0,0,0,0,0,0,1,1
793,0,1,1,0,1,1,1,1,1,0,1,1,1,0,1,1,0,0,1,1,0,0,1,0,0,0,0,0,0,0,1,1
794,0,1,1,0,1,1,1,1,1,0,1,1,1,0,1,1,0,0,1,1,0,0,1,0,0,0,0,0,0,0,1,1
795,0,1,1,0,1,1,1,1,1,0,1,1,1,0,1,1,0,0,1,1,0,0,1,0,0,0,0,0,0,0,1,1
796,0,1,1,0,1,1,1,1,1,0,1,1,1,0,1,1,0,0,1,1,0,0,1,0,0,0,0,0,0,0,1,1
797,0,1,1,0,1,1,1,1,1,0,1,1,1,0,1,1,0,0,1,1,0,0,1,0,0,0,0,0,0,0,1,1
798,0,1,1,0,1,1,1,1,1,0,1,1,1,0,1,1,0,0,1,1,0,0,1,0,0,0,0,0,0,0,1,1
799,0,1,1,0,1,1,1,1,1,0,1,1,1,0,1,1,0,0,1,1,0,0,1,0,0,0,0,0,0,0,1,1
800,0,1,1,0,1,1,1,1,1,0,1,1,1,0,1,1,0,0,1,1,0,0,1,0,0,0,0,0,0,0,1,1
801,0,1,1,0,1,1,1,1,1,0,1,1,1,0,1,1,0,0,1,1,0,0,1,0,0,0,0,0,0,0,1,1
802,0,1,1,0,1,1,1,1,1,0,1,1,1,0,1,1,0,0,1,1,0,0,1,0,0,0,0,0,0,0,1,1
803,0,1,1,0,1,1,1,1,1,0,1,1,1,0,1,1,0,0,1,1,0,0,1,0,0,0,0,0,0,0,1,1
804,0,1,1,0,1,1,1,1,1,0,1,1,1,0,1,1,0,0,1,1,0,0,1,0,0,0,0,0,0,0,1,1
805,0,1,1,0,1,1,1,1,1,0,1,1,1,0,1,1,0,0,1,1,0,0,1,0,0,0,0,0,0,0,1,1
806,0,1,1,0,1,1,1,1,1,0,1,1,1,0,1,1,0,0,1,1,0,0,1,0,0,0,0,0,0,0,1,1
807,0,1,1,0,1,1,1,1,1,0,1,1,1,0,1,1,0,0,1,1,0,0,1,0,0,0,0,0,0,0,1,1
808,0,1,1,0,1,1,1,1,1,0,1,1,1,0,1,1,0,0,1,1,0,0,1,0,0,0,0,0,0,0,1,1
809,0,1,1,0,1,1,1,1,1,0,1,1,1,0,1,1,0,0,1,1,0,0,1,0,0,0,0,0,0,0,1,1
810,0,1,1,0,1,1,1,1,1,0,1,1,1,0,1,1,0,0,1,1,0,0,1,0,0,0,0,0,0,0,1,1
811,0,1,1,0,1,1,1,1,1,0,1,1,1,0,1,1,0,0,1,1,0,0,1,0,0,0,0,0,0,0,1,1
812,0,1,1,0,1,1,1,1,1,0,1,1,1,0,1,1,0,0,1,1,0,0,1,0,0,0,0,0,0,0,1,1
813,0,1,1,0,1,1,1,1,1,0,1,1,1,0,1,1,0,0,1,1,0,0,1,0,0,0,0,0,0,0,1,1
814,0,1,1,0,1,1,1,1,1,0,1,1,1,0,1,1,0,0,1,1,0,0,1,0,0,0,0,0,0,0,1,1
815,0,1,1,0,1,1,1,1,1,0,1,1,1,0,1,1,0,0,1,1,0,0,1,0,0,0,0,0,0,0,1,1
816,0,1,1,0,1,1,1,1,1,0,1,1,1,0,1,1,0,0,1,1,0,0,1,0,0,0,0,0,0,0,1,1
817,0,1,1,0,1,1,1,1,1,0,1,1,1,0,1,1,0,0,1,1,0,0,1,0,0,0,0,0,0,0,1,1
818,0,1,1,0,1,1,1,1,1,0,1,1,1,0,1,1,0,0,1,1,0,0,1,0,0,0,0,0,0,0,1,1
819,0,1,1,0,1,1,1,1,1,0,1,1,1,0,1,1,0,0,1,1,0,0,1,0,0,0,0,0,0,0,1,1
820,0,1,1,0,1,1,1,1,1,0,1,1,1,0,1,1,0,0,1,1,0,0,1,0,0,0,0,0,0,0,1,1
821,0,1,1,0,1,1,1,1,1,0,1,1,1,0,1,1,0,0,1,1,0,0,1,0,0,0,0,0,0,0,1,1
822,0,1,1,0,1,1,1,1,1,0,1,1,1,0,1,1,0,0,1,1,0,0,1,0,0,0,0,0,0,0,1,1
823,0,1,1,0,1,1,1,1,1,0,1,1,1,0,1,1,0,0,1,1,0,0,1,0,0,0,0,0,0,0,1,1
824,0,1,1,0,1,1,1,1,1,0,1,1,1,0,1,1,0,0,1,1,0,0,1,0,0,0,0,0,0,0,1,1
825,0,1,1,0,1,1,1,1,1,0,1,1,1,0,1,1,0,0,1,1,0,0,1,0,0,0,0,0,0,0,1,1
826,0,1,1,0,1,1,1,1,1,0,1,1,1,0,1,1,0,0,1,1,0,0,1,0,0,0,0,0,0,0,1,1
827,0,1,1,0,1,1,1,1,1,0,1,1,1,0,1,1,0,0,1,1,0,0,1,0,0,0,0,0,0,0,1,1
828,0,1,1,0,1,1,1,1,1,0,1,1,1,0,1,1,0,0,1,1,0,0,1,0,0,0,0,0,0,0,1,1
829,0,1,1,0,1,1,1,1,1,0,1,1,1,0,1,1,0,0,1,1,0,0,1,0,0,0,0,0,0,0,1,1
830,0,1,1,0,1,1,1,1,1,0,1,1,1,0,1,1,0,0,1,1,0,0,1,0,0,0,0,0,0,0,1,1
831,0,1,1,0,1,1,1,1,1,0,1,1,1,0,1,1,0,0,1,1,0,0,1,0,0,0,0,0,0,0,1,1
832,0,1,1,0,1,1,1,1,1,0,1,1,1,0,1,1,0,0,1,1,0,0,1,0,0,0,0,0,0,0,1,1
833,0,1,1,0,1,1,1,1,1,0,1,1,1,0,1,1,0,0,1,1,0,0,1,0,0,0,0,0,0,0,1,1
834,0,1,1,0,1,1,1,1,1,0,1,1,1,0,1,1,0,0,1,1,0,0,1,0,0,0,0,0,0,0,1,1
835,0,1,1,0,1,1,1,1,1,0,1,1,1,0,1,1,0,0,1,1,0,0,1,0,0,0,0,0,0,0,1,1
836,0,1,1,0,1,1,1,1,1,0,1,1,1,0,1,1,0,0,1,1,0,0,1,0,0,0,0,0,0,0,1,1
837,0,1,1,0,1,1,1,1,1,0,1,1,1,0,1,1,0,0,1,1,0,0,1,0,0,0,0,0,0,0,1,1
838,0,1,1,0,1,1,1,1,1,0,1,1,1,0,1,1,0,0,1,1,0,0,1,0,0,0,0,0,0,0,1,1
839,0,1,1,0,1,1,1,1,1,0,1,1,1,0,1,1,0,0,1,1,0,0,1,0,0,0,0,0,0,0,1,1
840,0,1,1,0,1,1,1,1,1,0,1,1,1,0,1,1,0,0,1,1,0,0,1,0,0,0,0,0,0,0,1,1
841,0,1,1,0,1,1,1,1,1,0,1,1,1,0,1,1,0,0,1,1,0,0,1,0,0,0,0,0,0,0,1,1
842,0,1,1,0,1,1,1,1,1,0,1,1,1,0,1,1,0,0,1,1,0,0,1,0,0,0,0,0,0,0,1,1
843,0,1,1,0,1,1,1,1,1,0,1,1,1,0,1,1,0,0,1,1,0,0,1,0,0,0,0,0,0,0,1,1
844,0,1,1,0,1,1,1,1,1,0,1,1,1,0,1,1,0,0,1,1,0,0,1,0,0,0,0,0,0,0,1,1
845,0,1,1,0,1,1,1,1,1,0,1,1,1,0,1,1,0,0,1,1,0,0,1,0,0,0,0,0,0,0,1,1
846,0,1,1,0,1,1,1,1,1,0,1,1,1,0,1,1,0,0,1,1,0,0,1,0,0,0,0,0,0,0,1,1
847,0,1,1,0,1,1,1,1,1,0,1,1,1,0,1,1,0,0,1,1,0,0,1,0,0,0,0,0,0,0,1,1
848,0,1,1,0,1,1,1,1,1,0,1,1,1,0,1,1,0,0,1,1,0,0,1,0,0,0,0,0,0,0,1,1
849,0,1,1,0,1,1,1,1,1,0,1,1,1,0,1,1,0,0,1,1,0,0,1,0,0,0,0,0,0,0,1,1
850,0,1,1,0,1,1,1,1,1,0,1,1,1,0,1,1,0,0,1,1,0,0,1,0,0,0,0,0,0,0,1,1
851,0,1,1,0,1,1,1,1,1,0,1,1,1,0,1,1,0,0,1,1,0,0,1,0,0,0,0,0,0,0,1,1
852,0,1,1,0,1,1,1,1,1,0,1,1,1,0,1,1,0,0,1,1,0,0,1,0,0,0,0,0,0,0,1,1
853,0,1,1,0,1,1,1,1,1,0,1,1,1,0,1,1,0,0,1,1,0,0,1,0,0,0,0,0,0,0,1,1
854,0,1,1,0,1,1,1,1,1,0,1,1,1,0,1,1,0,0,1,1,0,0,1,0,0,0,0,0,0,0,1,1
855,0,1,1,0,1,1,1,1,1,0,1,1,1,0,1,1,0,0,1,1,0,0,1,0,0,0,0,0,0,0,1,1
856,0,1,1,0,1,1,1,1,1,0,1,1,1,0,1,1,0,0,1,1,0,0,1,0,0,0,0,0,0,0,1,1
857,0,1,1,0,1,1,1,1,1,0,1,1,1,0,1,1,0,0,1,1,0,0,1,0,0,0,0,0,0,0,1,1
858,0,1,1,0,1,1,1,1,1,0,1,1,1,0,1,1,0,0,1,1,0,0,1,0,0,0,0,0,0,0,1,1
859,0,1,1,0,1,1,1,1,1,0,1,1,1,0,1,1,0,0,1,1,0,0,1,0,0,0,0,0,0,0,1,1
860,0,1,1,0,1,1,1,1,1,0,1,1,1,0,1,1,0,0,1,1,0,0,1,0,0,0,0,0,0,0,1,1
861,0,1,1,0,1,1,1,1,1,0,1,1,1,0,1,1,0,0,1,1,0,0,1,0,0,0,0,0,0,0,1,1
862,0,1,1,0,1,1,1,1,1,0,1,1,1,0,1,1,0,0,1,1,0,0,1,0,0,0,0,0,0,0,1,1
863,0,1,1,0,1,1,1,1,1,0,1,1,1,0,1,1,0,0,1,1,0,0,1,0,0,0,0,0,0,0,1,1
864,0,1,1,0,1,1,1,1,1,0,1,1,1,0,1,1,0,0,1,1,0,0,1,0,0,0,0,0,0,0,1,1
865,0,1,1,0,1,1,1,1,1,0,1,1,1,0,1,1,0,0,1,1,0,0,1,0,0,0,0,0,0,0,1,1
866,0,1,1,0,1,1,1,1,1,0,1,1,1,0,1,1,0,0,1,1,0,0,1,0,0,0,0,0,0,0,1,1
867,0,1,1,0,1,1,1,1,1,0,1,1,1,0,1,1,0,0,1,1,0,0,1,0,0,0,0,0,0,0,1,1
868,0,1,1,0,1,1,1,1,1,0,1,1,1,0,1,1,0,0,1,1,0,0,1,0,0,0,0,0,0,0,1,1
869,0,1,1,0,1,1,1,1,1,0,1,1,1,0,1,1,0,0,1,1,0,0,1,0,0,0,0,0,0,0,1,1
870,0,1,1,0,1,1,1,1,1,0,1,1,1,0,1,1,0,0,1,1,0,0,1,0,0,0,0,0,0,0,1,1
871,0,1,1,0,1,1,1,1,1,0,1,1,1,0,1,1,0,0,1,1,0,0,1,0,0,0,0,0,0,0,1,1
872,0,1,1,0,1,1,1,1,1,0,1,1,1,0,1,1,0,0,1,1,0,0,1,0,0,0,0,0,0,0,1,1
873,0,1,1,0,1,1,1,1,1,0,1,1,1,0,1,1,0,0,1,1,0,0,1,0,0,0,0,0,0,0,1,1
874,0,1,1,0,1,1,1,1,1,0,1,1,1,0,1,1,0,0,1,1,0,0,1,0,0,0,0,0,0,0,1,1
875,0,1,1,0,1,1,1,1,1,0,1,1,1,0,1,1,0,0,1,1,0,0,1,0,0,0,0,0,0,0,1,1
876,0,1,1,0,1,1,1,1,1,0,1,1,1,0,1,1,0,0,1,1,0,0,1,0,0,0,0,0,0,0,1,1
877,0,1,1,0,1,1,1,1,1,0,1,1,1,0,1,1,0,0,1,1,0,0,1,0,0,0,0,0,0,0,1,1
878,0,1,1,0,1,1,1,1,1,0,1,1,1,0,1,1,0,0,1,1,0,0,1,0,0,0,0,0,0,0,1,1
879,0,1,1,0,1,1,1,1,1,0,1,1,1,0,1,1,0,0,1,1,0,0,1,0,0,0,0,0,0,0,1,1
880,0,1,1,0,1,1,1,1,1,0,1,1,1,0,1,1,0,0,1,1,0,0,1,0,0,0,0,0,0,0,1,1
881,0,1,1,0,1,1,1,1,1,0,1,1,1,0,1,1,0,0,1,1,0,0,1,0,0,0,0,0,0,0,1,1
882,0,1,1,0,1,1,1,1,1,0,1,1,1,0,1,1,0,0,1,1,0,0,1,0,0,0,0,0,0,0,1,1
883,0,1,1,0,1,1,1,1,1,0,1,1,1,0,1,1,0,0,1,1,0,0,1,0,0,0,0,0,0,0,1,1
884,0,1,1,0,1,1,1,1,1,0,1,1,1,0,1,1,0,0,1,1,0,0,1,0,0,0,0,0,0,0,1,1
885,0,1,1,0,1,1,1,1,1,0,1,1,1,0,1,1,0,0,1,1,0,0,1,0,0,0,0,0,0,0,1,1
886,0,1,1,0,1,1,1,1,1,0,1,1,1,0,1,1,0,0,1,1,0,0,1,0,0,0,0,0,0,0,1,1
887,0,1,1,0,1,1,1,1,1,0,1,1,1,0,1,1,0,0,1,1,0,0,1,0,0,0,0,0,0,0,1,1
888,0,1,1,0,1,1,1,1,1,0,1,1,1,0,1,1,0,0,1,1,0,0,1,0,0,0,0,0,0,0,1,1
889,0,1,1,0,1,1,1,1,1,0,1,1,1,0,1,1,0,0,1,1,0,0,1,0,0,0,0,0,0,0,1,1
890,0,1,1,0,1,1,1,1,1,0,1,1,1,0,1,1,0,0,1,1,0,0,1,0,0,0,0,0,0,0,1,1
891,0,1,1,0,1,1,1,1,1,0,1,1,1,0,1,1,0,0,1,1,0,0,1,0,0,0,0,0,0,0,1,1
892,0,1,1,0,1,1,1,1,1,0,1,1,1,0,1,1,0,0,1,1,0,0,1,0,0,0,0,0,0,0,1,1
893,0,1,1,0,1,1,1,1,1,0,1,1,1,0,1,1,0,0,1,1,0,0,1,0,0,0,0,0,0,0,1,1
894,0,1,1,0,1,1,1,1,1,0,1,1,1,0,1,1,0,0,1,1,0,0,1,0,0,0,0,0,0,0,1,1
895,0,1,1,0,1,1,1,1,1,0,1,1,1,0,1,1,0,0,1,1,0,0,1,0,0,0,0,0,0,0,1,1
896,0,1,1,0,1,1,1,1,1,0,1,1,1,0,1,1,0,0,1,1,0,0,1,0,0,0,0,0,0,0,1,1
897,0,1,1,0,1,1,1,1,1,0,1,1,1,0,1,1,0,0,1,1,0,0,1,0,0,0,0,0,0,0,1,1
898,0,1,1,0,1,1,1,1,1,0,1,1,1,0,1,1,0,0,1,1,0,0,1,0,0,0,0,0,0,0,1,1
899,0,1,1,0,1,1,1,1,1,0,1,1,1,0,1,1,0,0,1,1,0,0,1,0,0,0,0,0,0,0,1,1
900,0,1,1,0,1,1,1,1,1,0,1,1,1,0,1,1,0,0,1,1,0,0,1,0,0,0,0,0,0,0,1,1
901,0,1,1,0,1,1,1,1,1,0,1,1,1,0,1,1,0,0,1,1,0,0,1,0,0,0,0,0,0,0,1,1
902,0,1,1,0,1,1,1,1,1,0,1,1,1,0,1,1,0,0,1,1,0,0,1,0,0,0,0,0,0,0,1,1
903,0,1,1,0,1,1,1,1,1,0,1,1,1,0,1,1,0,0,1,1,0,0,1,0,0,0,0,0,0,0,1,1
904,0,1,1,0,1,1,1,1,1,0,1,1,1,0,1,1,0,0,1,1,0,0,1,0,0,0,0,0,0,0,1,1
905,0,1,1,0,1,1,1,1,1,0,1,1,1,0,1,1,0,0,1,1,0,0,1,0,0,0,0,0,0,0,1,1
906,0,1,1,0,1,1,1,1,1,0,1,1,1,0,1,1,0,0,1,1,0,0,1,0,0,0,0,0,0,0,1,1
907,0,1,1,0,1,1,1,1,1,0,1,1,1,0,1,1,0,0,1,1,0,0,1,0,0,0,0,0,0,0,1,1
908,0,1,1,0,1,1,1,1,1,0,1,1,1,0,1,1,0,0,1,1,0,0,1,0,0,0,0,0,0,0,1,1
909,0,1,1,0,1,1,1,1,1,0,1,1,1,0,1,1,0,0,1,1,0,0,1,0,0,0,0,0,0,0,1,1
910,0,1,1,0,1,1,1,1,1,0,1,1,1,0,1,1,0,0,1,1,0,0,1,0,0,0,0,0,0,0,1,1
911,0,1,1,0,1,1,1,1,1,0,1,1,1,0,1,1,0,0,1,1,0,0,1,0,0,0,0,0,0,0,1,1
912,0,1,1,0,1,1,1,1,1,0,1,1,1,0,1,1,0,0,1,1,0,0,1,0,0,0,0,0,0,0,1,1
913,0,1,1,0,1,1,1,1,1,0,1,1,1,0,1,1,0,0,1,1,0,0,1,0,0,0,0,0,0,0,1,1
914,0,1,1,0,1,1,1,1,1,0,1,1,1,0,1,1,0,0,1,1,0,0,1,0,0,0,0,0,0,0,1,1
915,0,1,1,0,1,1,1,1,1,0,1,1,1,0,1,1,0,0,1,1,0,0,1,0,0,0,0,0,0,0,1,1
916,0,1,1,0,1,1,1,1,1,0,1,1,1,0,1,1,0,0,1,1,0,0,1,0,0,0,0,0,0,0,1,1
917,0,1,1,0,1,1,1,1,1,0,1,1,1,0,1,1,0,0,1,1,0,0,1,0,0,0,0,0,0,0,1,1
918,0,1,1,0,1,1,1,1,1,0,1,1,1,0,1,1,0,0,1,1,0,0,1,0,0,0,0,0,0,0,1,1
919,0,1,1,0,1,1,1,1,1,0,1,1,1,0,1,1,0,0,1,1,0,0,1,0,0,0,0,0,0,0,1,1
920,0,1,1,0,1,1,1,1,1,0,1,1,1,0,1,1,0,0,1,1,0,0,1,0,0,0,0,0,0,0,1,1
921,0,1,1,0,1,1,1,1,1,0,1,1,1,0,1,1,0,0,1,1,0,0,1,0,0,0,0,0,0,0,1,1
922,0,1,1,0,1,1,1,1,1,0,1,1,1,0,1,1,0,0,1,1,0,0,1,0,0,0,0,0,0,0,1,1
923,0,1,1,0,1,1,1,1,1,0,1,1,1,0,1,1,0,0,1,1,0,0,1,0,0,0,0,0,0,0,1,1
924,0,1,1,0,1,1,1,1,1,0,1,1,1,0,1,1,0,0,1,1,0,0,1,0,0,0,0,0,0,0,1,1
925,0,1,1,0,1,1,1,1,1,0,1,1,1,0,1,1,0,0,1,1,0,0,1,0,0,0,0,0,0,0,1,1
926,0,1,1,0,1,1,1,1,1,0,1,1,1,0,1,1,0,0,1,1,0,0,1,0,0,0,0,0,0,0,1,1
927,0,1,1,0,1,1,1,1,1,0,1,1,1,0,1,1,0,0,1,1,0,0,1,0,0,0,0,0,0,0,1,1
928,0,1,1,0,1,1,1,1,1,0,1,1,1,0,1,1,0,0,1,1,0,0,1,0,0,0,0,0,0,0,1,1
929,0,1,1,0,1,1,1,1,1,0,1,1,1,0,1,1,0,0,1,1,0,0,1,0,0,0,0,0,0,0,1,1
930,0,1,1,0,1,1,1,1,1,0,1,1,1,0,1,1,0,0,1,1,0,0,1,0,0,0,0,0,0,0,1,1
931,0,1,1,0,1,1,1,1,1,0,1,1,1,0,1,1,0,0,1,1,0,0,1,0,0,0,0,0,0,0,1,1
932,0,1,1,0,1,1,1,1,1,0,1,1,1,0,1,1,0,0,1,1,0,0,1,0,0,0,0,0,0,0,1,1
933,0,1,1,0,1,1,1,1,1,0,1,1,1,0,1,1,0,0,1,1,0,0,1,0,0,0,0,0,0,0,1,1
934,0,1,1,0,1,1,1,1,1,0,1,1,1,0,1,1,0,0,1,1,0,0,1,0,0,0,0,0,0,0,1,1
935,0,1,1,0,1,1,1,1,1,0,1,1,1,0,1,1,0,0,1,1,0,0,1,0,0,0,0,0,0,0,1,1
936,0,1,1,0,1,1,1,1,1,0,1,1,1,0,1,1,0,0,1,1,0,0,1,0,0,0,0,0,0,0,1,1
937,0,1,1,0,1,1,1,1,1,0,1,1,1,0,1,1,0,0,1,1,0,0,1,0,0,0,0,0,0,0,1,1
938,0,1,1,0,1,1,1,1,1,0,1,1,1,0,1,1,0,0,1,1,0,0,1,0,0,0,0,0,0,0,1,1
939,0,1,1,0,1,1,1,1,1,0,1,1,1,0,1,1,0,0,1,1,0,0,1,0,0,0,0,0,0,0,1,1
940,0,1,1,0,1,1,1,1,1,0,1,1,1,0,1,1,0,0,1,1,0,0,1,0,0,0,0,0,0,0,1,1
941,0,1,1,0,1,1,1,1,1,0,1,1,1,0,1,1,0,0,1,1,0,0,1,0,0,0,0,0,0,0,1,1
942,0,1,1,0,1,1,1,1,1,0,1,1,1,0,1,1,0,0,1,1,0,0,1,0,0,0,0,0,0,0,1,1
943,0,1,1,0,1,1,1,1,1,0,1,1,1,0,1,1,0,0,1,1,0,0,1,0,0,0,0,0,0,0,1,1
944,0,1,1,0,1,1,1,1,1,0,1,1,1,0,1,1,0,0,1,1,0,0,1,0,0,0,0,0,0,0,1,1
945,0,1,1,0,1,1,1,1,1,0,1,1,1,0,1,1,0,0,1,1,0,0,1,0,0,0,0,0,0,0,1,1
946,0,1,1,0,1,1,1,1,1,0,1,1,1,0,1,1,0,0,1,1,0,0,1,0,0,0,0,0,0,0,1,1
947,0,1,1,0,1,1,1,1,1,0,1,1,1,0,1,1,0,0,1,1,0,0,1,0,0,0,0,0,0,0,1,1
948,0,1,1,0,1,1,1,1,1,0,1,1,1,0,1,1,0,0,1,1,0,0,1,0,0,0,0,0,0,0,1,1
949,0,1,1,0,1,1,1,1,1,0,1,1,1,0,1,1,0,0,1,1,0,0,1,0,0,0,0,0,0,0,1,1
950,0,1,1,0,1,1,1,1,1,0,1,1,1,0,1,1,0,0,1,1,0,0,1,0,0,0,0,0,0,0,1,1
951,0,1,1,0,1,1,1,1,1,0,1,1,1,0,1,1,0,0,1,1,0,0,1,0,0,0,0,0,0,0,1,1
952,0,1,1,0,1,1,1,1,1,0,1,1,1,0,1,1,0,0,1,1,0,0,1,0,0,0,0,0,0,0,1,1
953,0,1,1,0,1,1,1,1,1,0,1,1,1,0,1,1,0,0,1,1,0,0,1,0,0,0,0,0,0,0,1,1
954,0,1,1,0,1,1,1,1,1,0,1,1,1,0,1,1,0,0,1,1,0,0,1,0,0,0,0,0,0,0,1,1
955,0,1,1,0,1,1,1,1,1,0,1,1,1,0,1,1,0,0,1,1,0,0,1,0,0,0,0,0,0,0,1,1
956,0,1,1,0,1,1,1,1,1,0,1,1,1,0,1,1,0,0,1,1,0,0,1,0,0,0,0,0,0,0,1,1
957,0,1,1,0,1,1,1,1,1,0,1,1,1,0,1,1,0,0,1,1,0,0,1,0,0,0,0,0,0,0,1,1
958,0,1,1,0,1,1,1,1,1,0,1,1,1,0,1,1,0,0,1,1,0,0,1,0,0,0,0,0,0,0,1,1
959,0,1,1,0,1,1,1,1,1,0,1,1,1,0,1,1,0,0,1,1,0,0,1,0,0,0,0,0,0,0,1,1
960,0,1,1,0,1,1,1,1,1,0,1,1,1,0,1,1,0,0,1,1,0,0,1,0,0,0,0,0,0,0,1,1
961,0,1,1,0,1,1,1,1,1,0,1,1,1,0,1,1,0,0,1,1,0,0,1,0,0,0,0,0,0,0,1,1
962,0,1,1,0,1,1,1,1,1,0,1,1,1,0,1,1,0,0,1,1,0,0,1,0,0,0,0,0,0,0,1,1
963,0,1,1,0,1,1,1,1,1,0,1,1,1,0,1,1,0,0,1,1,0,0,1,0,0,0,0,0,0,0,1,1
964,0,1,1,0,1,1,1,1,1,0,1,1,1,0,1,1,0,0,1,1,0,0,1,0,0,0,0,0,0,0,1,1
965,0,1,1,0,1,1,1,1,1,0,1,1,1,0,1,1,0,0,1,1,0,0,1,0,0,0,0,0,0,0,1,1
966,0,1,1,0,1,1,1,1,1,0,1,1,1,0,1,1,0,0,1,1,0,0,1,0,0,0,0,0,0,0,1,1
967,0,1,1,0,1,1,1,1,1,0,1,1,1,0,1,1,0,0,1,1,0,0,1,0,0,0,0,0,0,0,1,1
968,0,1,1,0,1,1,1,1,1,0,1,1,1,0,1,1,0,0,1,1,0,0,1,0,0,0,0,0,0,0,1,1
969,0,1,1,0,1,1,1,1,1,0,1,1,1,0,1,1,0,0,1,1,0,0,1,0,0,0,0,0,0,0,1,1
970,0,1,1,0,1,1,1,1,1,0,1,1,1,0,1,1,0,0,1,1,0,0,1,0,0,0,0,0,0,0,1,1
971,0,1,1,0,1,1,1,1,1,0,1,1,1,0,1,1,0,0,1,1,0,0,1,0,0,0,0,0,0,0,1,1
972,0,1,1,0,1,1,1,1,1,0,1,1,1,0,1,1,0,0,1,1,0,0,1,0,0,0,0,0,0,0,1,1
973,0,1,1,0,1,1,1,1,1,0,1,1,1,0,1,1,0,0,1,1,0,0,1,0,0,0,0,0,0,0,1,1
974,0,1,1,0,1,1,1,1,1,0,1,1,1,0,1,1,0,0,1,1,0,0,1,0,0,0,0,0,0,0,1,1
975,0,1,1,0,1,1,1,1,1,0,1,1,1,0,1,1,0,0,1,1,0,0,1,0,0,0,0,0,0,0,1,1
976,0,1,1,0,1,1,1,1,1,0,1,1,1,0,1,1,0,0,1,1,0,0,1,0,0,0,0,0,0,0,1,1
977,0,1,1,0,1,1,1,1,1,0,1,1,1,0,1,1,0,0,1,1,0,0,1,0,0,0,0,0,0,0,1,1
978,0,1,1,0,1,1,1,1,1,0,1,1,1,0,1,1,0,0,1,1,0,0,1,0,0,0,0,0,0,0,1,1
979,0,1,1,0,1,1,1,1,1,0,1,1,1,0,1,1,0,0,1,1,0,0,1,0,0,0,0,0,0,0,1,1
980,0,1,1,0,1,1,1,1,1,0,1,1,1,0,1,1,0,0,1,1,0,0,1,0,0,0,0,0,0,0,1,1
981,0,1,1,0,1,1,1,1,1,0,1,1,1,0,1,1,0,0,1,1,0,0,1,0,0,0,0,0,0,0,1,1
982,0,1,1,0,1,1,1,1,1,0,1,1,1,0,1,1,0,0,1,1,0,0,1,0,0,0,0,0,0,0,1,1
983,0,1,1,0,1,1,1,1,1,0,1,1,1,0,1,1,0,0,1,1,0,0,1,0,0,0,0,0,0,0,1,1
984,0,1,1,0,1,1,1,1,1,0,1,1,1,0,1,1,0,0,1,1,0,0,1,0,0,0,0,0,0,0,1,1
985,0,1,1,0,1,1,1,1,1,0,1,1,1,0,1,1,0,0,1,1,0,0,1,0,0,0,0,0,0,0,1,1
986,0,1,1,0,1,1,1,1,1,0,1,1,1,0,1,1,0,0,1,1,0,0,1,0,0,0,0,0,0,0,1,1
987,0,1,1,0,1,1,1,1,1,0,1,1,1,0,1,1,0,0,1,1,0,0,1,0,0,0,0,0,0,0,1,1
988,0,1,1,0,1,1,1,1,1,0,1,1,1,0,1,1,0,0,1,1,0,0,1,0,0,0,0,0,0,0,1,1
989,0,1,1,0,1,1,1,1,1,0,1,1,1,0,1,1,0,0,1,1,0,0,1,0,0,0,0,0,0,0,1,1
990,0,1,1,0,1,1,1,1,1,0,1,1,1,0,1,1,0,0,1,1,0,0,1,0,0,0,0,0,0,0,1,1
991,0,1,1,0,1,1,1,1,1,0,1,1,1,0,1,1,0,0,1,1,0,0,1,0,0,0,0,0,0,0,1,1
992,0,1,1,0,1,1,1,1,1,0,1,1,1,0,1,1,0,0,1,1,0,0,1,0,0,0,0,0,0,0,1,1
993,0,1,1,0,1,1,1,1,1,0,1,1,1,0,1,1,0,0,1,1,0,0,1,0,0,0,0,0,0,0,1,1
994,0,1,1,0,1,1,1,1,1,0,1,1,1,0,1,1,0,0,1,1,0,0,1,0,0,0,0,0,0,0,1,1
995,0,1,1,0,1,1,1,1,1,0,1,1,1,0,1,1,0,0,1,1,0,0,1,0,0,0,0,0,0,0,1,1
996,0,1,1,0,1,1,1,1,1,0,1,1,1,0,1,1,0,0,1,1,0,0,1,0,0,0,0,0,0,0,1,1
997,0,1,1,0,1,1,1,1,1,0,1,1,1,0,1,1,0,0,1,1,0,0,1,0,0,0,0,0,0,0,1,1
998,0,1,1,0,1,1,1,1,1,0,1,1,1,0,1,1,0,0,1,1,0,0,1,0,0,0,0,0,0,0,1,1
999,0,1,1,0,1,1,1,1,1,0,1,1,1,0,1,1,0,0,1,1,0,0,1,0,0,0,0,0,0,0,1,1
1000,0,1,1,0,1,1,1,1,1,0,1,1,1,0,1,1,0,0,1,1,0,0,1,0,0,0,0,0,0,0,1,1
